,日期,成交股數,成交金額,開盤價,最高價,最低價,收盤價,漲跌價差,成交筆數
0,107/01/02,"1,868,451","46,856,990",25.00,25.14,25.00,25.13,+0.13,733
1,107/01/03,"3,846,820","97,179,269",25.15,25.31,25.15,25.31,+0.18,"1,202"
2,107/01/04,"2,736,229","69,496,928",25.31,25.45,25.31,25.41,+0.10,957
3,107/01/05,"2,383,585","60,620,826",25.41,25.48,25.39,25.44,+0.03,782
4,107/01/08,"3,048,596","77,817,525",25.45,25.57,25.45,25.57,+0.13,"1,236"
5,107/01/09,"2,965,586","75,831,780",25.55,25.63,25.48,25.50,-0.07,807
6,107/01/10,"1,323,050","33,645,640",25.50,25.55,25.35,25.37,-0.13,567
7,107/01/11,"2,404,787","61,058,028",25.34,25.41,25.34,25.41,+0.04,487
8,107/01/12,"3,979,566","101,650,019",25.41,25.57,25.41,25.54,+0.13,708
9,107/01/15,"1,445,655","36,990,863",25.57,25.68,25.55,25.65,+0.11,600
10,107/01/16,"7,649,103","196,913,691",25.65,25.80,25.65,25.80,+0.15,"1,310"
11,107/01/17,"7,014,654","181,501,648",25.80,25.93,25.76,25.92,+0.12,"1,056"
12,107/01/18,"7,911,027","206,059,657",25.92,26.13,25.92,26.02,+0.10,"1,709"
13,107/01/19,"2,496,482","65,004,872",26.02,26.12,25.98,26.00,-0.02,682
14,107/01/22,"6,755,556","176,752,258",26.00,26.25,26.00,26.25,+0.25,"1,701"
15,107/01/23,"2,946,921","77,417,833",26.25,26.40,26.17,26.20,-0.05,994
16,107/01/24,"9,028,263","237,505,753",26.17,26.39,26.17,26.32,+0.12,"1,515"
17,107/01/25,"6,270,581","166,232,801",26.32,26.61,26.32,26.45,+0.13,"1,798"
18,107/01/26,"2,397,837","63,432,403",26.45,26.54,26.31,26.54,+0.09,"1,026"
19,107/01/29,"7,869,670","210,419,232",26.57,26.80,26.57,26.80,+0.26,"1,666"
20,107/01/30,"2,594,237","68,997,976",26.76,26.76,26.40,26.41,-0.39,"1,355"
21,107/02/01,"799,298","21,166,340",26.45,26.54,26.40,26.42,-0.03,406
22,107/02/02,"2,118,179","55,704,958",26.39,26.40,26.22,26.34,-0.08,494
23,107/02/05,"2,894,343","74,835,699",26.10,26.10,25.77,26.00,-0.34,"1,116"
24,107/02/06,"13,899,659","347,886,368",25.60,25.60,24.55,24.99,-1.01,"5,191"
25,107/02/07,"2,950,428","74,971,455",25.16,25.51,25.16,25.43,+0.44,"1,352"
26,107/02/08,"1,313,980","33,376,894",25.43,25.50,25.30,25.50,+0.07,581
27,107/02/09,"4,127,754","102,906,820",24.86,25.50,24.63,25.50, 0.00,"1,795"
28,107/02/12,"3,449,872","86,940,949",25.50,25.50,25.14,25.15,-0.35,"1,589"
29,107/02/21,"1,841,744","47,121,378",25.50,25.72,25.40,25.72,+0.57,"1,223"
30,107/02/22,"919,583","23,562,445",25.68,25.68,25.55,25.62,-0.10,564
31,107/02/23,"1,464,915","37,763,561",25.72,25.80,25.72,25.80,+0.18,912
32,107/02/26,"4,476,529","116,126,324",25.91,25.98,25.91,25.98,+0.18,822
33,107/03/01,"1,040,292","26,859,454",25.80,25.91,25.70,25.91,-0.04,598
34,107/03/02,"851,735","21,915,923",25.85,25.85,25.66,25.76,-0.15,590
35,107/03/05,"749,148","19,261,755",25.78,25.80,25.60,25.63,-0.13,580
36,107/03/06,"1,020,664","26,244,589",25.71,25.81,25.65,25.76,+0.13,786
37,107/03/07,"1,096,718","28,244,036",25.75,25.88,25.65,25.70,-0.06,694
38,107/03/08,"2,120,537","55,134,829",25.70,26.07,25.70,26.01,+0.31,923
39,107/03/09,"513,167","13,326,841",26.05,26.05,25.91,25.93,-0.08,359
40,107/03/12,"2,819,132","73,523,076",26.05,26.14,26.02,26.10,+0.17,"1,096"
41,107/03/13,"1,881,112","49,175,205",26.10,26.17,26.08,26.17,+0.07,863
42,107/03/14,"1,628,880","42,585,195",26.08,26.21,26.08,26.08,-0.09,610
43,107/03/15,"1,654,618","43,094,191",26.00,26.15,26.00,26.11,+0.03,361
44,107/03/16,"803,078","20,958,831",26.15,26.16,26.05,26.16,+0.05,574
45,107/03/19,"1,225,634","32,085,400",26.16,26.20,26.12,26.19,+0.03,502
46,107/03/20,"623,310","16,269,996",26.18,26.18,26.08,26.13,-0.06,328
47,107/03/21,"698,359","18,286,398",26.13,26.25,26.13,26.17,+0.04,406
48,107/03/22,"1,536,613","40,348,808",26.17,26.35,26.13,26.14,-0.03,707
49,107/03/23,"2,810,755","72,469,609",25.85,25.92,25.66,25.82,-0.32,"1,380"
50,107/03/26,"831,745","21,539,331",25.74,26.00,25.73,26.00,+0.18,584
51,107/03/27,"1,305,215","34,062,029",26.06,26.14,26.06,26.08,+0.08,508
52,107/03/28,"714,309","18,552,504",26.05,26.06,25.92,25.93,-0.15,470
53,107/03/29,"1,355,082","35,071,188",25.92,25.94,25.83,25.90,-0.03,428
54,107/03/30,"509,321","13,222,076",25.99,26.00,25.90,25.96,+0.06,314
55,107/04/02,"633,240","16,478,242",25.99,26.06,25.98,26.02,+0.07,337
56,107/04/03,"707,840","18,341,160",26.00,26.00,25.88,25.92,-0.10,493
57,107/04/09,"795,830","20,614,660",25.95,25.96,25.85,25.95,+0.03,577
58,107/04/10,"388,841","10,081,506",25.95,25.99,25.84,25.95, 0.00,335
59,107/04/11,"1,469,411","38,288,968",26.01,26.12,26.00,26.11,+0.16,847
60,107/04/12,"303,794","7,909,526",26.10,26.10,25.99,26.00,-0.11,284
61,107/04/13,"475,014","12,354,555",26.10,26.10,25.96,25.99,-0.01,261
62,107/04/16,"1,387,773","35,886,836",26.04,26.04,25.77,25.98,-0.01,970
63,107/04/17,"2,488,368","64,067,105",25.96,25.96,25.60,25.77,-0.21,"1,190"
64,107/04/18,"1,689,930","43,444,133",25.77,25.81,25.65,25.68,-0.09,938
65,107/04/19,"699,908","18,040,524",25.70,25.88,25.70,25.86,+0.18,380
66,107/04/20,"528,632","13,641,146",25.80,25.86,25.70,25.82,-0.04,315
67,107/04/23,"1,729,983","44,447,004",25.82,25.82,25.65,25.69,-0.13,569
68,107/04/24,"4,524,128","115,611,560",25.81,25.81,25.35,25.50,-0.19,"1,316"
69,107/04/25,"8,716,622","220,140,730",25.45,25.47,25.15,25.31,-0.19,"2,182"
70,107/04/26,"4,395,428","110,916,845",25.40,25.50,25.11,25.23,-0.08,"1,954"
71,107/04/27,"4,863,984","122,131,037",25.25,25.35,25.06,25.15,-0.08,"2,010"
72,107/05/02,"974,727","24,693,185",25.40,25.40,25.27,25.34,-0.06,607
73,107/05/03,"1,172,951","29,581,521",25.30,25.30,25.16,25.22,-0.12,610
74,107/05/04,"1,296,217","32,620,219",25.26,25.26,25.12,25.20,-0.02,623
75,107/05/07,"952,527","24,050,895",25.35,25.35,25.17,25.30,+0.10,665
76,107/05/08,"702,378","17,813,234",25.30,25.43,25.27,25.43,+0.13,424
77,107/05/09,"462,117","11,738,245",25.38,25.42,25.38,25.40,-0.03,247
78,107/05/10,"540,725","13,789,179",25.50,25.53,25.45,25.48,+0.08,345
79,107/05/11,"2,452,825","62,675,301",25.50,25.60,25.50,25.60,+0.12,666
80,107/05/14,"3,395,367","87,427,350",25.61,25.91,25.61,25.85,+0.25,"1,041"
81,107/05/15,"1,618,979","41,727,199",25.85,25.85,25.68,25.78,-0.07,743
82,107/05/16,"3,072,246","79,683,099",25.82,25.99,25.78,25.93,+0.15,"1,191"
83,107/05/17,"7,233,863","188,823,719",25.93,26.20,25.93,26.06,+0.13,"1,937"
84,107/05/18,"4,836,752","126,690,737",26.07,26.27,26.07,26.20,+0.14,"1,274"
85,107/05/21,"3,604,210","95,081,467",26.21,26.42,26.21,26.35,+0.15,"1,205"
86,107/05/22,"2,749,670","72,557,904",26.35,26.43,26.35,26.40,+0.05,916
87,107/05/23,"2,752,729","72,697,417",26.40,26.47,26.31,26.40, 0.00,996
88,107/05/24,"1,265,944","33,396,690",26.40,26.44,26.34,26.41,+0.01,465
89,107/05/25,"810,580","21,383,976",26.41,26.42,26.32,26.33,-0.08,354
90,107/05/28,"3,104,110","81,802,843",26.32,26.39,26.31,26.39,+0.06,576
91,107/05/29,"4,092,445","107,745,584",26.39,26.39,26.30,26.37,-0.02,373
92,107/05/30,"5,269,881","137,228,225",26.30,26.30,26.01,26.01,-0.36,635
93,107/06/01,"2,001,589","52,768,923",26.19,26.45,26.19,26.40,+0.21,633
94,107/06/04,"2,910,718","77,345,206",26.40,26.62,26.40,26.62,+0.22,"1,127"
95,107/06/05,"2,599,836","69,251,302",26.62,26.69,26.59,26.61,-0.01,"1,022"
96,107/06/06,"6,532,972","174,791,848",26.65,26.80,26.65,26.79,+0.18,"1,229"
97,107/06/07,"5,595,072","149,724,232",26.81,26.90,26.73,26.79, 0.00,772
98,107/06/08,"5,597,877","149,536,607",26.78,26.80,26.61,26.67,-0.12,587
99,107/06/11,"4,595,813","122,473,754",26.66,26.76,26.63,26.69,+0.02,407
100,107/06/12,"432,479","11,507,552",26.69,26.69,26.58,26.60,-0.09,341
101,107/06/13,"334,762","8,893,051",26.60,26.62,26.54,26.56,-0.04,271
102,107/06/14,"664,339","17,567,891",26.56,26.56,26.38,26.39,-0.17,429
103,107/06/15,"2,449,038","64,404,048",26.40,26.40,26.26,26.32,-0.07,417
104,107/06/19,"4,257,913","111,139,014",26.30,26.30,25.96,26.20,-0.12,"1,229"
105,107/06/20,"1,630,066","42,444,219",26.20,26.20,25.92,26.10,-0.10,813
106,107/06/21,"475,667","12,421,679",26.08,26.14,26.08,26.12,+0.02,296
107,107/06/22,"4,129,090","106,975,825",26.08,26.08,25.84,26.00,-0.12,"1,735"
108,107/06/25,"8,676,005","223,919,129",26.05,26.05,25.77,25.78,-0.22,"3,506"
109,107/06/26,"9,043,590","231,514,590",25.79,25.79,25.50,25.65,-0.13,"3,661"
110,107/06/27,"3,080,243","79,072,361",25.70,25.77,25.63,25.64,-0.01,"1,271"
111,107/06/28,"7,545,492","191,916,797",25.62,25.62,25.36,25.40,-0.24,"2,899"
112,107/07/02,"1,781,677","45,770,003",25.75,25.78,25.61,25.61,-0.05,887
113,107/07/03,"2,836,873","72,403,350",25.70,25.70,25.44,25.50,-0.11,"1,315"
114,107/07/04,"1,558,391","39,740,270",25.50,25.57,25.44,25.53,+0.03,608
115,107/07/05,"6,416,102","162,877,005",25.59,25.59,25.29,25.31,-0.22,"2,837"
116,107/07/06,"6,417,211","161,924,243",25.47,25.51,25.11,25.30,-0.01,"2,857"
117,107/07/09,"1,750,210","44,643,214",25.42,25.60,25.37,25.60,+0.30,750
118,107/07/10,"929,816","23,830,041",25.66,25.69,25.60,25.63,+0.03,436
119,107/07/11,"1,429,416","36,472,799",25.59,25.59,25.43,25.51,-0.12,573
120,107/07/12,"828,950","21,188,734",25.51,25.61,25.50,25.61,+0.10,373
121,107/07/13,"1,457,653","37,542,446",25.68,25.80,25.65,25.79,+0.18,633
122,107/07/16,"2,247,510","58,203,246",25.80,25.93,25.80,25.93,+0.14,912
123,107/07/17,"3,514,003","91,292,458",25.93,26.05,25.89,25.97,+0.04,996
124,107/07/18,"5,241,566","137,273,808",26.01,26.25,26.01,26.21,+0.24,"1,637"
125,107/07/19,"3,176,188","83,391,911",26.21,26.35,26.13,26.13,-0.08,"1,070"
126,107/07/20,"2,040,101","53,421,626",26.15,26.27,26.13,26.14,+0.01,671
127,107/07/23,"2,504,320","65,675,163",26.14,26.27,26.14,26.23,+0.09,929
128,107/07/24,"5,946,642","156,604,575",26.25,26.43,26.23,26.42,+0.19,"1,496"
129,107/07/25,"6,137,897","162,467,355",26.42,26.50,26.34,26.47,+0.05,"1,470"
130,107/07/26,"5,122,200","136,069,287",26.50,26.60,26.50,26.59,+0.12,"1,637"
131,107/07/27,"12,809,644","343,781,755",26.58,26.91,26.58,26.89,+0.30,"3,407"
132,107/07/30,"7,402,139","199,931,106",26.80,27.08,26.80,27.04,+0.15,"2,723"
133,107/08/01,"2,305,742","62,853,104",27.20,27.29,27.20,27.28,+0.09,"1,065"
134,107/08/02,"4,623,373","125,488,751",27.28,27.33,26.98,27.00,-0.28,"1,194"
135,107/08/03,"3,169,619","86,098,195",27.02,27.19,27.02,27.18,+0.18,713
136,107/08/06,"2,667,435","72,991,934",27.25,27.43,27.25,27.43,+0.25,"1,321"
137,107/08/07,"1,753,247","48,116,216",27.44,27.49,27.40,27.45,+0.02,821
138,107/08/08,"2,178,155","60,157,833",27.50,27.69,27.50,27.60,+0.15,904
139,107/08/09,"1,190,572","32,755,912",27.60,27.60,27.44,27.50,-0.10,648
140,107/08/10,"1,051,374","28,953,826",27.50,27.60,27.48,27.53,+0.03,498
141,107/08/13,"1,628,637","44,356,127",27.49,27.49,27.05,27.18,-0.35,923
142,107/08/14,"956,951","26,103,781",27.26,27.38,27.18,27.38,+0.20,535
143,107/08/15,"1,521,413","41,262,742",27.38,27.38,27.03,27.10,-0.28,648
144,107/08/16,"2,117,852","57,154,813",26.99,27.10,26.76,27.09,-0.01,879
145,107/08/17,"1,261,898","34,325,134",27.29,27.29,27.10,27.12,+0.03,448
146,107/08/20,"1,584,175","43,057,780",27.13,27.22,27.12,27.19,+0.07,488
147,107/08/21,"691,970","18,822,438",27.19,27.23,27.15,27.23,+0.04,338
148,107/08/22,"671,974","18,329,272",27.23,27.30,27.23,27.29,+0.06,380
149,107/08/23,"869,785","23,732,231",27.40,27.40,27.21,27.30,+0.01,386
150,107/08/24,"513,630","13,953,551",27.30,27.30,27.08,27.20,-0.10,346
151,107/08/27,"551,541","15,075,003",27.21,27.39,27.21,27.35,+0.15,455
152,107/08/28,"1,613,907","44,394,882",27.45,27.57,27.45,27.56,+0.21,704
153,107/08/29,"2,140,786","59,046,273",27.59,27.64,27.54,27.61,+0.05,981
154,107/08/30,"1,271,951","35,214,391",27.69,27.75,27.62,27.70,+0.09,949
155,107/09/03,"1,244,587","34,512,950",27.80,27.84,27.62,27.63,-0.15,843
156,107/09/04,"775,730","21,451,852",27.65,27.70,27.62,27.63, 0.00,525
157,107/09/05,"1,326,010","36,591,874",27.63,27.63,27.53,27.53,-0.10,561
158,107/09/06,"1,895,715","51,903,889",27.53,27.53,27.25,27.45,-0.08,858
159,107/09/07,"7,158,013","194,387,407",27.45,27.45,27.10,27.19,-0.26,"1,336"
160,107/09/10,"17,360,549","464,104,554",27.19,27.20,26.60,26.67,-0.52,"3,205"
161,107/09/11,"4,578,941","122,027,921",26.68,26.80,26.55,26.78,+0.11,"1,928"
162,107/09/12,"5,357,505","142,943,271",26.78,26.81,26.60,26.74,-0.04,"2,012"
163,107/09/13,"2,102,477","56,539,319",26.88,26.97,26.79,26.92,+0.18,894
164,107/09/14,"6,427,985","175,400,679",27.00,27.47,27.00,27.40,+0.48,"1,823"
165,107/09/17,"5,451,108","149,743,585",27.43,27.55,27.29,27.46,+0.06,"1,166"
166,107/09/18,"5,538,413","151,451,297",27.45,27.45,27.27,27.40,-0.06,"1,414"
167,107/09/19,"1,035,740","28,393,257",27.40,27.45,27.38,27.41,+0.01,468
168,107/09/20,"610,388","16,721,182",27.40,27.45,27.36,27.40,-0.01,398
169,107/09/21,"938,904","25,715,727",27.40,27.41,27.35,27.41,+0.01,449
170,107/09/25,"2,217,728","60,967,757",27.41,27.55,27.41,27.49,+0.08,610
171,107/09/26,"912,206","24,996,509",27.50,27.50,27.35,27.40,-0.09,653
172,107/09/27,"819,263","22,401,940",27.36,27.40,27.30,27.33,-0.07,529
173,107/10/01,"581,153","15,890,815",27.28,27.40,27.28,27.32,+0.04,410
174,107/10/02,"1,966,764","53,497,849",27.32,27.32,27.13,27.20,-0.12,991
175,107/10/03,"8,191,935","221,232,977",27.20,27.22,26.85,26.97,-0.23,"2,878"
176,107/10/04,"11,309,410","302,475,667",26.88,26.88,26.70,26.78,-0.19,"3,611"
177,107/10/05,"22,989,298","608,222,093",26.69,26.69,26.09,26.43,-0.35,"7,579"
178,107/10/08,"25,497,767","674,570,334",26.91,26.91,26.35,26.70,+0.27,"8,592"
179,107/10/09,"23,326,328","613,169,233",26.67,26.67,26.19,26.34,-0.36,"8,275"
180,107/10/11,"71,440,831","1,784,948,915",25.72,25.72,24.70,24.91,-1.43,"25,875"
181,107/10/12,"24,409,535","608,788,048",24.87,25.26,24.52,25.26,+0.35,"9,319"
182,107/10/15,"18,224,799","458,869,722",25.26,25.29,25.02,25.18,-0.08,"5,891"
183,107/10/16,"9,573,914","242,434,342",25.27,25.44,25.22,25.39,+0.21,"3,872"
184,107/10/17,"8,600,967","220,249,852",25.75,25.75,25.50,25.51,+0.12,"3,606"
185,107/10/18,"6,588,029","167,941,904",25.55,25.60,25.38,25.54,+0.03,"2,504"
186,107/10/19,"7,193,014","182,593,516",25.38,25.55,25.15,25.55,+0.01,"2,848"
187,107/10/22,"11,707,245","300,937,347",25.58,25.82,25.48,25.81,+0.26,"4,273"
188,107/10/23,"39,950,173","966,017,183",24.88,24.88,24.07,24.13,X0.00,"15,926"
189,107/10/24,"12,717,580","305,853,805",24.15,24.23,23.93,24.12,-0.01,"4,555"
190,107/10/25,"22,645,995","534,121,734",23.67,23.68,23.47,23.59,-0.53,"8,054"
191,107/10/26,"14,341,793","336,756,579",23.78,23.87,23.24,23.43,-0.16,"6,916"
192,107/10/29,"13,253,209","309,024,229",23.50,23.51,23.24,23.34,-0.09,"3,913"
193,107/10/30,"5,785,507","135,111,000",23.35,23.43,23.25,23.42,+0.08,"2,636"
194,107/11/01,"5,378,249","129,138,159",23.86,24.14,23.80,24.08,+0.30,"2,428"
195,107/11/02,"4,261,606","102,873,349",24.16,24.20,24.08,24.18,+0.10,"1,979"
196,107/11/05,"3,685,918","88,921,135",24.16,24.18,24.05,24.18, 0.00,"1,716"
197,107/11/06,"4,249,614","102,469,561",24.29,24.29,24.01,24.08,-0.10,"2,138"
198,107/11/07,"2,472,090","59,786,521",24.15,24.21,24.10,24.21,+0.13,"1,246"
199,107/11/08,"3,294,794","80,345,619",24.49,24.49,24.35,24.37,+0.16,"1,692"
200,107/11/09,"3,914,628","94,706,877",24.37,24.37,24.13,24.21,-0.16,"1,832"
201,107/11/12,"2,847,270","68,926,313",24.21,24.23,24.17,24.18,-0.03,"1,377"
202,107/11/13,"6,735,087","160,549,781",23.73,24.12,23.62,24.12,-0.06,"3,242"
203,107/11/14,"2,544,904","61,377,464",24.12,24.16,24.05,24.15,+0.03,"1,106"
204,107/11/15,"2,053,279","49,539,146",24.16,24.22,24.04,24.22,+0.07,952
205,107/11/16,"1,397,707","33,934,910",24.31,24.32,24.23,24.29,+0.07,965
206,107/11/19,"2,301,180","56,105,093",24.32,24.40,24.30,24.40,+0.11,"1,292"
207,107/11/20,"3,387,463","82,090,647",24.39,24.39,24.14,24.17,-0.23,"1,836"
208,107/11/21,"3,744,716","89,852,531",24.06,24.15,23.90,24.14,-0.03,"1,972"
209,107/11/22,"4,273,221","102,653,302",24.14,24.17,23.95,23.98,-0.16,"2,403"
210,107/11/23,"4,068,298","97,327,952",24.02,24.02,23.85,23.94,-0.04,"2,210"
211,107/11/26,"2,196,045","52,899,379",24.05,24.18,24.01,24.11,+0.17,"1,139"
212,107/11/27,"1,758,728","42,289,404",24.15,24.15,23.97,24.10,-0.01,"1,015"
213,107/11/28,"1,966,698","47,563,007",24.14,24.27,24.14,24.27,+0.17,"1,012"
214,107/11/29,"3,904,316","95,408,540",24.39,24.53,24.36,24.38,+0.11,"1,693"
215,107/12/03,"9,074,674","225,166,400",24.65,24.89,24.65,24.89,+0.43,"3,106"
216,107/12/04,"3,974,354","98,839,428",24.92,24.95,24.82,24.82,-0.07,"1,557"
217,107/12/05,"3,067,099","75,387,377",24.63,24.63,24.50,24.60,-0.22,"1,599"
218,107/12/06,"9,413,817","227,844,814",24.60,24.60,24.06,24.19,-0.41,"4,758"
219,107/12/07,"2,002,596","48,537,135",24.21,24.28,24.20,24.28,+0.09,985
220,107/12/10,"9,147,677","220,314,641",24.20,24.20,24.02,24.07,-0.21,"2,468"
221,107/12/11,"1,889,083","45,612,834",24.15,24.18,24.09,24.18,+0.11,751
222,107/12/12,"2,114,147","51,362,987",24.27,24.32,24.25,24.32,+0.14,852
223,107/12/13,"1,471,236","35,864,493",24.38,24.39,24.35,24.39,+0.07,834
224,107/12/14,"2,619,336","63,595,766",24.39,24.39,24.21,24.31,-0.08,"1,156"
225,107/12/17,"2,841,425","69,006,023",24.31,24.37,24.23,24.31, 0.00,"1,567"
226,107/12/18,"15,809,373","380,182,590",24.20,24.20,23.98,24.03,-0.28,"5,110"
227,107/12/19,"958,932","23,134,955",24.10,24.16,24.10,24.14,+0.11,641
228,107/12/20,"1,646,015","39,696,789",24.13,24.16,24.08,24.13,-0.01,982
229,107/12/21,"1,965,084","47,296,156",24.13,24.14,24.00,24.14,+0.01,"1,111"
230,107/12/22,"1,103,317","26,640,584",24.13,24.17,24.08,24.17,+0.03,540
231,107/12/24,"1,501,284","36,271,556",24.20,24.21,24.09,24.18,+0.01,773
232,107/12/25,"13,908,880","332,473,777",24.01,24.06,23.84,23.97,-0.21,"6,359"
233,107/12/26,"12,600,245","300,239,138",24.09,24.09,23.67,23.72,-0.25,"6,413"
234,107/12/27,"2,986,526","71,566,004",24.00,24.02,23.90,23.91,+0.19,"1,651"
235,108/01/02,"8,878,382","212,174,153",24.02,24.07,23.80,23.83,-0.11,"3,709"
236,108/01/03,"17,556,279","415,455,056",23.88,23.88,23.56,23.59,-0.24,"6,758"
237,108/01/04,"19,970,699","464,689,202",23.53,23.53,23.11,23.40,-0.19,"8,685"
238,108/01/07,"4,850,550","114,894,015",23.67,23.73,23.61,23.73,+0.33,"2,592"
239,108/01/08,"2,393,467","56,908,730",23.78,23.80,23.73,23.79,+0.06,"1,299"
240,108/01/09,"5,976,945","143,567,319",23.81,24.10,23.81,24.05,+0.26,"2,194"
241,108/01/10,"1,887,210","45,283,996",24.05,24.05,23.91,24.01,-0.04,"1,036"
242,108/01/11,"3,575,051","86,111,526",24.07,24.15,24.03,24.04,+0.03,"1,457"
243,108/01/14,"2,027,605","48,689,077",24.05,24.07,23.98,23.99,-0.05,"1,115"
244,108/01/15,"3,711,005","89,520,836",24.04,24.18,24.01,24.13,+0.14,"1,382"
245,108/01/16,"5,031,886","122,048,881",24.19,24.29,24.18,24.25,+0.12,"1,947"
246,108/01/17,"3,193,527","77,577,871",24.29,24.35,24.21,24.26,+0.01,"1,068"
247,108/01/18,"6,492,041","158,348,156",24.35,24.44,24.30,24.39,+0.13,"2,818"
248,108/01/21,"4,593,711","112,723,948",24.45,24.62,24.45,24.51,+0.12,"1,855"
249,108/01/22,"4,682,509","114,659,707",24.51,24.52,24.44,24.50,-0.01,"1,790"
250,108/01/23,"2,462,516","60,113,290",24.43,24.44,24.36,24.44,-0.06,"1,079"
251,108/01/24,"4,432,379","108,766,865",24.47,24.61,24.47,24.55,+0.11,"1,240"
252,108/01/25,"14,684,688","364,590,241",24.62,24.92,24.62,24.90,+0.35,"4,287"
253,108/01/28,"11,250,601","281,732,070",24.90,25.10,24.90,25.01,+0.11,"3,625"
254,108/01/29,"4,243,450","105,559,700",25.00,25.00,24.82,24.89,-0.12,"2,148"
255,108/02/11,"5,847,912","146,266,200",25.08,25.10,24.92,24.99,+0.07,"2,363"
256,108/02/12,"11,402,917","287,262,597",25.00,25.27,25.00,25.26,+0.27,"4,019"
257,108/02/13,"8,819,200","223,684,320",25.30,25.42,25.28,25.42,+0.16,"3,200"
258,108/02/14,"6,341,563","161,460,417",25.42,25.50,25.37,25.43,+0.01,"2,425"
259,108/02/15,"9,087,607","231,767,329",25.43,25.60,25.35,25.39,-0.04,"3,020"
260,108/02/18,"6,189,785","158,132,508",25.55,25.61,25.48,25.52,+0.13,"2,239"
261,108/02/19,"3,086,651","78,811,916",25.58,25.58,25.50,25.52, 0.00,"1,516"
262,108/02/20,"11,329,242","291,056,033",25.54,25.75,25.54,25.74,+0.22,"3,693"
263,108/02/21,"9,817,133","253,404,993",25.75,25.87,25.75,25.84,+0.10,"2,538"
264,108/02/22,"15,306,751","396,213,256",25.84,25.93,25.82,25.90,+0.06,"2,914"
265,108/02/25,"15,155,233","395,005,973",25.93,26.14,25.93,26.13,+0.23,"4,703"
266,108/02/26,"10,165,034","266,686,714",26.19,26.31,26.16,26.18,+0.05,"4,049"
267,108/03/04,"12,355,246","321,551,024",25.96,26.16,25.90,26.12,+0.16,"3,280"
268,108/03/05,"5,707,672","148,439,601",26.09,26.09,25.98,26.00,-0.12,"1,838"
269,108/03/06,"3,385,295","88,241,620",26.05,26.10,26.02,26.08,+0.08,"1,592"
270,108/03/07,"3,798,278","98,859,515",26.08,26.11,25.97,25.98,-0.10,"2,008"
271,108/03/08,"6,057,168","156,107,948",25.91,25.91,25.68,25.84,-0.14,"3,123"
272,108/03/11,"3,779,390","97,684,762",25.84,25.90,25.78,25.89,+0.05,"1,933"
273,108/03/12,"4,462,109","116,192,152",26.02,26.08,26.00,26.01,+0.12,"1,882"
274,108/03/13,"2,314,614","60,153,230",26.01,26.02,25.95,25.98,-0.03,"1,330"
275,108/03/14,"3,651,079","94,701,004",25.99,26.01,25.86,25.91,-0.07,"1,861"
276,108/03/15,"3,057,756","79,320,985",25.91,25.99,25.90,25.91, 0.00,"1,641"
277,108/03/18,"7,184,696","187,254,817",26.01,26.13,26.00,26.13,+0.22,"3,170"
278,108/03/19,"13,399,629","351,219,566",26.13,26.28,26.13,26.22,+0.09,"2,982"
279,108/03/20,"2,304,178","60,364,803",26.22,26.24,26.17,26.20,-0.02,"1,282"
280,108/03/21,"11,109,353","292,478,597",26.26,26.38,26.26,26.37,+0.17,"2,944"
281,108/03/22,"10,262,168","271,957,044",26.43,26.58,26.34,26.37, 0.00,"2,899"
282,108/03/25,"5,705,875","148,956,377",26.24,26.24,26.05,26.10,-0.27,"3,436"
283,108/03/26,"2,228,192","58,537,083",26.26,26.30,26.25,26.25,+0.15,"1,326"
284,108/03/27,"1,759,849","46,228,495",26.26,26.30,26.25,26.28,+0.03,973
285,108/03/28,"1,827,877","47,950,742",26.28,26.28,26.21,26.24,-0.04,871
286,108/04/01,"7,255,846","192,657,440",26.50,26.60,26.50,26.51,+0.11,"2,431"
287,108/04/02,"2,905,223","77,238,764",26.52,26.64,26.52,26.58,+0.07,"1,530"
288,108/04/03,"10,981,802","293,488,073",26.62,26.76,26.62,26.73,+0.15,"3,369"
289,108/04/08,"7,277,247","195,975,495",26.87,26.99,26.87,26.93,+0.20,"3,120"
290,108/04/09,"15,167,174","409,753,000",26.95,27.07,26.93,27.02,+0.09,"4,307"
291,108/04/10,"6,258,431","168,624,187",27.00,27.00,26.91,26.97,-0.05,"2,488"
292,108/04/11,"6,076,925","163,996,354",27.00,27.08,26.87,26.89,-0.08,"2,559"
293,108/04/12,"4,986,704","133,591,742",26.89,26.90,26.71,26.76,-0.13,"2,254"
294,108/04/15,"5,300,611","142,938,492",26.89,27.00,26.89,26.99,+0.23,"2,056"
295,108/04/16,"15,327,886","416,286,829",27.02,27.26,27.00,27.25,+0.26,"5,108"
296,108/04/17,"10,329,575","283,351,721",27.27,27.49,27.27,27.44,+0.19,"3,506"
297,108/04/18,"8,277,713","226,525,416",27.44,27.57,27.13,27.14,-0.30,"3,061"
298,108/04/19,"5,366,796","146,910,248",27.25,27.47,27.25,27.35,+0.21,"1,980"
299,108/04/22,"5,721,886","157,121,579",27.39,27.53,27.37,27.41,+0.06,"2,148"
300,108/04/23,"2,609,526","71,308,902",27.41,27.42,27.25,27.36,-0.05,"1,465"
301,108/04/24,"7,408,137","203,968,689",27.44,27.57,27.44,27.57,+0.21,"2,745"
302,108/04/25,"4,508,103","124,477,453",27.56,27.65,27.56,27.65,+0.08,"2,093"
303,108/04/26,"3,087,043","84,912,873",27.60,27.60,27.45,27.52,-0.13,"1,846"
304,108/04/29,"4,207,555","115,183,543",27.52,27.53,27.24,27.35,-0.17,"2,071"
305,108/05/02,"2,134,902","58,507,364",27.35,27.44,27.35,27.40,+0.05,"1,056"
306,108/05/03,"3,566,841","98,070,886",27.45,27.56,27.40,27.56,+0.16,"1,442"
307,108/05/06,"13,121,912","356,227,419",27.47,27.47,27.02,27.08,-0.48,"4,913"
308,108/05/07,"2,732,665","74,383,286",27.08,27.28,27.08,27.26,+0.18,"1,402"
309,108/05/08,"2,800,869","75,883,084",27.08,27.20,26.94,27.20,-0.06,"1,531"
310,108/05/09,"18,341,778","492,390,874",27.16,27.16,26.65,26.74,-0.46,"6,962"
311,108/05/10,"17,233,055","458,898,259",26.74,26.90,26.38,26.55,-0.19,"6,212"
312,108/05/13,"25,434,915","667,575,878",26.53,26.53,26.06,26.09,-0.46,"9,662"
313,108/05/14,"26,229,252","677,677,818",25.80,26.09,25.54,26.07,-0.02,"9,799"
314,108/05/15,"11,292,203","295,798,134",26.17,26.26,26.07,26.18,+0.11,"4,505"
315,108/05/16,"16,804,143","437,116,011",26.16,26.17,25.90,25.92,-0.26,"7,743"
316,108/05/17,"25,301,199","652,668,316",26.02,26.09,25.66,25.70,-0.22,"11,617"
317,108/05/20,"16,697,262","428,409,129",25.84,25.85,25.54,25.70, 0.00,"7,014"
318,108/05/21,"17,584,158","451,501,414",25.70,25.78,25.55,25.76,+0.06,"5,868"
319,108/05/22,"11,103,208","286,607,777",25.86,25.89,25.76,25.79,+0.03,"4,900"
320,108/05/23,"32,848,022","836,642,655",25.67,25.67,25.40,25.44,-0.35,"12,571"
321,108/05/24,"17,692,438","450,117,111",25.46,25.55,25.40,25.44, 0.00,"6,195"
322,108/05/27,"17,219,171","437,499,017",25.57,25.57,25.33,25.45,+0.01,"7,381"
323,108/05/28,"9,533,878","242,631,137",25.47,25.50,25.41,25.50,+0.05,"3,547"
324,108/05/29,"13,580,824","344,114,957",25.39,25.41,25.22,25.39,-0.11,"5,782"
325,108/05/30,"12,611,274","321,591,894",25.40,25.59,25.39,25.58,+0.19,"3,228"
326,108/06/03,"9,134,391","235,107,402",25.87,25.87,25.58,25.84,-0.10,"4,584"
327,108/06/04,"6,616,095","170,751,851",25.84,25.92,25.75,25.76,-0.08,"3,798"
328,108/06/05,"5,121,832","132,516,226",25.96,26.00,25.79,25.81,+0.05,"2,432"
329,108/06/06,"11,742,018","301,974,237",25.81,25.82,25.64,25.69,-0.12,"4,487"
330,108/06/10,"4,686,447","121,479,396",25.90,25.99,25.87,25.99,+0.30,"2,291"
331,108/06/11,"7,820,106","203,695,462",26.08,26.08,25.98,26.04,+0.05,"3,494"
332,108/06/12,"6,103,314","158,908,753",26.04,26.10,25.99,26.10,+0.06,"2,521"
333,108/06/13,"7,322,160","190,375,778",26.10,26.10,25.94,26.01,-0.09,"2,958"
334,108/06/14,"6,286,912","163,421,757",26.01,26.04,25.96,25.99,-0.02,"2,088"
335,108/06/17,"5,804,324","151,173,218",26.00,26.10,25.95,26.05,+0.06,"2,661"
336,108/06/18,"2,009,278","52,351,886",26.03,26.08,26.03,26.06,+0.01,"1,051"
337,108/06/19,"11,345,281","299,049,127",26.25,26.48,26.24,26.47,+0.41,"4,240"
338,108/06/20,"9,308,012","247,447,735",26.49,26.62,26.49,26.61,+0.14,"3,818"
339,108/06/21,"7,526,928","200,369,424",26.65,26.72,26.51,26.52,-0.09,"4,036"
340,108/06/24,"5,113,618","135,799,106",26.52,26.63,26.47,26.60,+0.08,"2,299"
341,108/06/25,"4,695,867","124,524,188",26.60,26.62,26.46,26.47,-0.13,"2,493"
342,108/06/26,"3,398,929","89,795,269",26.47,26.47,26.40,26.43,-0.04,"1,944"
343,108/06/27,"5,349,817","142,382,820",26.46,26.67,26.46,26.61,+0.18,"2,104"
344,108/07/01,"10,905,721","293,604,941",26.90,26.96,26.87,26.95,+0.36,"3,876"
345,108/07/02,"7,149,472","192,641,840",26.95,26.98,26.84,26.96,+0.01,"2,899"
346,108/07/03,"4,255,938","114,227,682",26.96,26.96,26.77,26.78,-0.18,"2,612"
347,108/07/04,"4,262,698","114,828,853",26.79,26.99,26.79,26.93,+0.15,"1,839"
348,108/07/05,"6,578,217","177,575,962",26.93,27.06,26.93,26.99,+0.06,"2,503"
349,108/07/08,"4,585,838","123,701,748",26.99,27.04,26.88,26.96,-0.03,"2,418"
350,108/07/09,"3,058,655","82,193,067",26.96,26.97,26.85,26.87,-0.09,"1,653"
351,108/07/10,"5,629,394","151,528,068",26.90,26.97,26.88,26.95,+0.08,"1,917"
352,108/07/11,"18,772,716","509,406,975",27.00,27.18,27.00,27.11,+0.16,"5,000"
353,108/07/12,"16,441,150","447,478,284",27.11,27.26,27.11,27.16,+0.05,"3,959"
354,108/07/15,"11,954,208","324,793,880",27.18,27.23,27.02,27.21,+0.05,"3,487"
355,108/07/16,"7,512,646","204,935,431",27.21,27.34,27.21,27.26,+0.05,"2,773"
356,108/07/17,"5,612,262","152,355,461",27.25,27.25,27.08,27.14,-0.12,"1,968"
357,108/07/18,"5,846,709","158,428,808",27.09,27.13,27.05,27.06,-0.08,"1,712"
358,108/07/19,"5,264,174","142,772,960",27.13,27.17,27.03,27.06, 0.00,"1,846"
359,108/07/22,"4,942,243","133,971,696",27.08,27.14,27.08,27.11,+0.05,"1,634"
360,108/07/23,"9,291,709","253,136,791",27.16,27.28,27.16,27.24,+0.13,"2,517"
361,108/07/24,"9,977,039","272,522,365",27.24,27.37,27.24,27.28,+0.04,"2,594"
362,108/07/25,"12,149,479","332,731,861",27.30,27.47,27.27,27.47,+0.19,"3,640"
363,108/07/26,"3,924,848","107,558,640",27.47,27.47,27.38,27.40,-0.07,"1,794"
364,108/07/29,"2,530,966","69,255,606",27.40,27.43,27.31,27.37,-0.03,"1,348"
365,108/07/30,"3,917,750","107,107,369",27.41,27.45,27.25,27.29,-0.08,"1,637"
366,108/08/01,"4,145,642","112,369,159",27.10,27.19,27.03,27.10,-0.10,"2,103"
367,108/08/02,"19,181,638","515,421,026",27.00,27.00,26.78,26.85,-0.25,"6,818"
368,108/08/05,"18,986,649","506,820,566",26.82,26.82,26.60,26.60,-0.25,"6,275"
369,108/08/06,"21,009,136","551,109,265",26.38,26.55,25.94,26.52,-0.08,"8,679"
370,108/08/07,"14,483,916","383,514,920",26.56,26.65,26.37,26.43,-0.09,"5,698"
371,108/08/08,"7,648,272","203,011,119",26.45,26.61,26.45,26.56,+0.13,"2,653"
372,108/08/12,"4,756,465","127,496,945",26.57,26.91,26.57,26.90,+0.34,"2,418"
373,108/08/13,"4,780,028","127,801,473",26.85,26.85,26.64,26.76,-0.14,"2,710"
374,108/08/14,"3,727,407","100,475,182",26.95,26.98,26.92,26.93,+0.17,"1,857"
375,108/08/15,"6,225,616","166,352,049",26.64,26.85,26.53,26.82,-0.11,"3,092"
376,108/08/16,"2,997,474","80,619,498",26.93,26.95,26.79,26.95,+0.13,"1,899"
377,108/08/19,"4,073,881","110,061,774",26.98,27.09,26.98,27.03,+0.08,"1,879"
378,108/08/20,"3,875,482","104,898,353",27.04,27.09,27.04,27.07,+0.04,"1,943"
379,108/08/21,"2,737,321","74,106,262",27.07,27.11,27.04,27.05,-0.02,"1,449"
380,108/08/22,"5,386,121","145,782,351",27.08,27.15,27.00,27.02,-0.03,"2,508"
381,108/08/23,"2,825,715","76,385,972",27.03,27.08,27.00,27.02, 0.00,"1,434"
382,108/08/26,"15,764,782","422,902,084",26.80,26.92,26.77,26.88,-0.14,"5,023"
383,108/08/27,"2,146,074","57,885,486",26.90,27.00,26.90,26.96,+0.08,"1,239"
384,108/08/28,"2,056,821","55,494,481",27.00,27.00,26.96,26.97,+0.01,"1,120"
385,108/08/29,"1,777,397","47,961,452",26.98,27.00,26.96,27.00,+0.03,997
386,108/09/02,"12,818,715","351,458,754",27.30,27.46,27.30,27.44,+0.19,"4,357"
387,108/09/03,"9,302,571","255,573,802",27.45,27.52,27.40,27.40,-0.04,"3,262"
388,108/09/04,"13,513,503","371,598,574",27.40,27.55,27.40,27.54,+0.14,"4,315"
389,108/09/05,"15,912,013","441,385,946",27.63,27.79,27.63,27.71,+0.17,"5,111"
390,108/09/06,"15,102,467","420,566,853",27.80,27.95,27.76,27.83,+0.12,"5,340"
391,108/09/09,"7,862,097","218,661,029",27.86,27.96,27.74,27.77,-0.06,"2,954"
392,108/09/10,"5,715,715","158,626,270",27.79,27.83,27.71,27.74,-0.03,"2,304"
393,108/09/11,"8,489,636","236,490,425",27.79,27.92,27.79,27.81,+0.07,"2,667"
394,108/09/12,"13,047,504","365,041,675",27.92,28.03,27.91,27.92,+0.11,"3,760"
395,108/09/16,"6,197,909","173,265,140",27.96,27.98,27.92,27.94,+0.02,"3,099"
396,108/09/17,"10,509,998","294,331,868",27.94,28.05,27.94,28.00,+0.06,"3,551"
397,108/09/18,"5,340,038","149,726,689",28.00,28.08,28.00,28.05,+0.05,"2,516"
398,108/09/19,"4,606,448","129,060,561",28.06,28.09,27.95,27.97,-0.08,"2,410"
399,108/09/20,"2,774,640","77,656,630",27.97,28.00,27.97,27.98,+0.01,"1,388"
400,108/09/23,"14,346,926","403,155,518",27.98,28.15,27.95,28.12,+0.14,"3,161"
401,108/09/24,"8,887,369","251,392,628",28.12,28.37,28.11,28.33,+0.21,"3,806"
402,108/09/25,"3,828,087","107,990,551",28.33,28.33,28.18,28.20,-0.13,"2,196"
403,108/09/26,"3,829,788","108,126,685",28.34,28.34,28.11,28.15,-0.05,"2,181"
404,108/10/01,"5,360,488","150,858,866",27.93,28.23,27.93,28.18,+0.30,"2,503"
405,108/10/02,"2,154,857","60,661,320",28.14,28.18,28.10,28.17,-0.01,"1,370"
406,108/10/03,"4,313,025","120,950,016",28.00,28.12,27.95,28.12,-0.05,"2,015"
407,108/10/04,"2,560,924","72,069,806",28.15,28.20,28.08,28.14,+0.02,"1,398"
408,108/10/07,"41,287,703","1,174,366,321",28.60,28.60,28.39,28.42,+0.28,"11,111"
409,108/10/08,"17,646,104","502,312,219",28.50,28.57,28.42,28.44,+0.02,"5,893"
410,108/10/09,"21,754,179","615,963,648",28.42,28.42,28.25,28.28,-0.16,"8,701"
411,108/10/14,"12,704,020","362,529,910",28.57,28.58,28.50,28.52,+0.24,"5,498"
412,108/10/15,"11,882,620","338,508,710",28.53,28.56,28.42,28.45,-0.07,"4,946"
413,108/10/16,"9,730,683","277,290,177",28.57,28.57,28.45,28.51,+0.06,"4,711"
414,108/10/17,"11,644,864","332,947,733",28.52,28.70,28.51,28.70,+0.19,"5,407"
415,108/10/18,"14,882,765","428,885,831",28.76,28.92,28.76,28.82,+0.12,"5,859"
416,108/10/21,"34,164,302","988,370,560",28.90,28.98,28.89,28.95,+0.13,"10,128"
417,108/10/22,"33,730,255","978,545,345",29.00,29.06,28.97,29.03,+0.08,"11,158"
418,108/10/23,"98,226,814","2,699,622,832",27.46,27.62,27.25,27.54,X0.00,"32,763"
419,108/10/24,"28,335,344","782,586,901",27.69,27.69,27.58,27.65,+0.11,"10,240"
420,108/10/25,"23,111,873","639,303,301",27.80,27.85,27.60,27.60,-0.05,"9,771"
421,108/10/28,"14,846,481","411,214,566",27.84,27.84,27.61,27.70,+0.10,"5,831"
422,108/10/29,"23,529,598","650,752,340",27.77,27.81,27.51,27.62,-0.08,"9,797"
423,108/10/30,"10,482,971","289,565,548",27.67,27.67,27.60,27.65,+0.03,"4,394"
424,108/11/01,"11,177,733","307,975,893",27.58,27.63,27.49,27.63,+0.05,"5,149"
425,108/11/04,"13,142,719","365,184,684",27.65,27.84,27.65,27.84,+0.21,"5,345"
426,108/11/05,"13,469,440","377,160,724",28.00,28.05,27.94,28.03,+0.19,"5,646"
427,108/11/06,"19,221,502","536,899,906",28.17,28.17,27.78,27.93,-0.10,"9,122"
428,108/11/07,"12,699,573","352,819,699",27.93,27.93,27.70,27.80,-0.13,"6,428"
429,108/11/08,"6,708,118","186,831,125",27.83,27.95,27.79,27.88,+0.08,"3,198"
430,108/11/11,"42,792,590","1,178,643,754",27.88,27.88,27.47,27.50,-0.38,"17,428"
431,108/11/12,"5,867,933","162,500,792",27.56,27.74,27.56,27.74,+0.24,"2,697"
432,108/11/13,"4,770,035","132,359,564",27.74,27.80,27.70,27.79,+0.05,"2,451"
433,108/11/14,"3,970,329","110,411,219",27.80,27.83,27.80,27.83,+0.04,"2,249"
434,108/11/15,"6,901,520","192,359,894",27.94,27.95,27.82,27.88,+0.05,"3,083"
435,108/11/18,"10,450,081","292,791,296",27.99,28.07,27.94,28.05,+0.17,"4,835"
436,108/11/19,"7,508,205","210,941,926",28.06,28.14,28.03,28.14,+0.09,"3,413"
437,108/11/20,"6,689,728","187,943,980",28.15,28.15,28.07,28.09,-0.05,"3,340"
438,108/11/21,"11,566,076","322,747,115",28.03,28.03,27.83,28.00,-0.09,"5,208"
439,108/11/22,"4,531,766","126,909,340",28.00,28.03,27.98,28.01,+0.01,"2,272"
440,108/11/25,"6,319,501","176,998,586",28.04,28.06,27.98,27.99,-0.02,"3,005"
441,108/11/26,"4,798,907","134,655,656",28.14,28.14,28.02,28.06,+0.07,"2,546"
442,108/11/27,"3,859,055","108,191,228",28.06,28.07,28.00,28.04,-0.02,"1,976"
443,108/11/28,"3,337,478","93,503,683",28.04,28.05,28.00,28.03,-0.01,"1,821"
444,108/12/02,"19,022,342","525,263,813",27.76,27.78,27.51,27.65,-0.10,"8,221"
445,108/12/03,"7,186,008","200,006,232",27.65,27.97,27.58,27.92,+0.27,"3,200"
446,108/12/04,"5,055,460","140,795,543",27.89,27.89,27.80,27.88,-0.04,"1,980"
447,108/12/05,"11,396,638","319,376,619",27.98,28.07,27.95,28.03,+0.15,"4,043"
448,108/12/06,"11,833,145","333,125,417",28.12,28.20,28.09,28.13,+0.10,"4,273"
449,108/12/09,"6,421,844","181,178,070",28.17,28.27,28.17,28.21,+0.08,"2,818"
450,108/12/10,"3,594,897","101,210,100",28.21,28.22,28.12,28.14,-0.07,"2,002"
451,108/12/11,"5,952,469","167,854,207",28.15,28.21,28.15,28.21,+0.07,"1,971"
452,108/12/12,"9,555,665","270,505,099",28.25,28.34,28.25,28.31,+0.10,"3,409"
453,108/12/13,"10,070,440","285,863,588",28.40,28.50,28.30,28.37,+0.06,"4,399"
454,108/12/16,"10,857,580","309,922,268",28.50,28.60,28.45,28.57,+0.20,"4,804"
455,108/12/17,"9,472,839","271,530,135",28.59,28.71,28.59,28.71,+0.14,"4,130"
456,108/12/18,"8,885,507","255,627,625",28.73,28.82,28.69,28.77,+0.06,"3,381"
457,108/12/19,"7,987,291","229,463,087",28.77,28.86,28.64,28.69,-0.08,"3,414"
458,108/12/20,"7,772,041","223,767,890",28.73,28.90,28.66,28.80,+0.11,"3,317"
459,108/12/23,"5,086,792","146,106,590",28.80,28.80,28.66,28.72,-0.08,"2,821"
460,108/12/24,"3,111,481","89,401,530",28.72,28.79,28.70,28.74,+0.02,"1,827"
461,108/12/25,"6,322,447","182,429,995",28.75,28.92,28.75,28.83,+0.09,"2,307"
462,108/12/26,"5,004,440","144,489,444",28.92,28.92,28.80,28.86,+0.03,"2,600"
463,108/12/27,"4,884,324","141,188,786",28.87,28.92,28.87,28.90,+0.04,"2,449"
464,108/12/30,"17,029,814","493,839,459",28.90,29.05,28.90,29.00,+0.10,"4,945"
465,109/01/02,"12,542,463","364,772,213",29.00,29.12,28.99,29.09,+0.12,"3,774"
466,109/01/03,"15,397,477","449,987,180",29.15,29.43,29.04,29.18,+0.09,"5,803"
467,109/01/06,"12,664,714","367,299,926",29.18,29.18,28.95,28.96,-0.22,"6,281"
468,109/01/07,"28,160,121","806,477,281",28.95,28.96,28.48,28.69,-0.27,"11,758"
469,109/01/08,"18,148,599","517,134,432",28.56,28.69,28.30,28.50,-0.19,"8,179"
470,109/01/09,"11,167,458","320,681,771",28.56,28.78,28.56,28.70,+0.20,"4,291"
471,109/01/10,"9,414,322","270,273,569",28.83,28.85,28.65,28.69,-0.01,"4,426"
472,109/01/13,"9,109,161","262,276,665",28.73,28.85,28.70,28.84,+0.15,"4,850"
473,109/01/14,"8,836,874","256,210,839",28.91,29.02,28.91,29.02,+0.18,"4,441"
474,109/01/15,"9,081,284","263,644,908",29.03,29.09,29.00,29.01,-0.01,"4,338"
475,109/01/16,"11,087,219","322,427,243",29.11,29.12,28.95,29.10,+0.09,"7,349"
476,109/01/17,"11,756,156","342,826,201",29.13,29.19,29.09,29.16,+0.06,"4,838"
477,109/01/20,"8,166,082","238,412,129",29.17,29.22,29.16,29.19,+0.03,"4,430"
478,109/01/30,"124,629,153","3,463,936,584",28.50,28.50,27.50,27.70,-1.49,"51,138"
479,109/02/03,"45,081,773","1,232,880,005",27.42,27.75,26.85,27.74,-0.18,"17,485"
480,109/02/04,"15,739,871","439,889,462",27.83,28.12,27.71,28.12,+0.38,"6,763"
481,109/02/05,"13,922,740","391,204,283",28.24,28.25,28.00,28.08,-0.04,"6,806"
482,109/02/06,"15,996,571","452,572,008",28.35,28.44,28.18,28.44,+0.36,"7,146"
483,109/02/07,"12,253,406","346,368,784",28.38,28.38,28.20,28.23,-0.21,"4,707"
484,109/02/10,"18,717,739","525,106,924",28.00,28.23,27.80,28.14,-0.09,"6,607"
485,109/02/11,"7,079,932","200,297,926",28.20,28.34,28.20,28.34,+0.20,"2,852"
486,109/02/12,"12,239,828","348,673,622",28.36,28.57,28.36,28.56,+0.22,"4,730"
487,109/02/13,"14,950,526","428,962,352",28.60,28.79,28.60,28.64,+0.08,"5,060"
488,109/02/14,"9,659,751","277,668,138",28.64,28.82,28.63,28.79,+0.15,"3,706"
489,109/02/17,"14,439,906","415,271,621",28.78,28.87,28.60,28.80,+0.01,"5,859"
490,109/02/18,"12,272,396","353,717,841",28.77,28.92,28.74,28.80, 0.00,"5,901"
491,109/02/19,"11,357,954","328,195,776",28.80,28.99,28.78,28.96,+0.16,"4,082"
492,109/02/20,"8,809,420","255,117,539",29.00,29.06,28.87,28.93,-0.03,"3,915"
493,109/02/21,"5,864,280","169,385,080",28.91,28.99,28.85,28.90,-0.03,"2,927"
494,109/02/24,"14,095,127","404,040,210",28.77,28.77,28.59,28.70,-0.20,"6,607"
495,109/02/25,"11,318,028","323,203,381",28.45,28.70,28.36,28.67,-0.03,"5,321"
496,109/02/26,"34,883,285","991,135,939",28.50,28.55,28.30,28.30,-0.37,"12,847"
497,109/03/02,"48,021,434","1,323,894,490",27.70,27.90,27.20,27.75,-0.15,"19,363"
498,109/03/03,"26,979,859","756,202,839",28.15,28.20,27.92,27.93,+0.18,"11,004"
499,109/03/04,"21,853,847","607,769,899",27.93,27.93,27.71,27.86,-0.07,"10,062"
500,109/03/05,"13,650,787","383,064,015",28.01,28.10,28.00,28.10,+0.24,"5,729"
501,109/03/06,"27,963,318","778,670,023",28.01,28.01,27.75,27.88,-0.22,"12,838"
502,109/03/09,"96,841,145","2,646,083,430",27.49,27.52,27.17,27.25,-0.63,"41,851"
503,109/03/10,"70,307,269","1,891,740,596",26.80,27.26,26.76,27.25, 0.00,"30,789"
504,109/03/11,"38,279,695","1,039,685,613",27.34,27.39,26.93,26.97,-0.28,"18,838"
505,109/03/12,"155,640,188","4,051,650,736",26.73,26.73,25.71,25.93,-1.04,"69,580"
506,109/03/13,"157,473,670","3,832,900,047",24.35,25.32,24.02,25.29,-0.64,"65,517"
507,109/03/16,"92,824,206","2,297,360,656",25.10,25.24,24.40,24.41,-0.88,"44,641"
508,109/03/17,"103,620,788","2,461,541,623",23.57,24.29,23.43,23.67,-0.74,"43,285"
509,109/03/18,"80,530,934","1,897,973,002",23.70,23.82,23.26,23.29,-0.38,"35,938"
510,109/03/19,"137,455,783","3,038,195,108",22.88,22.88,21.45,21.85,-1.44,"58,603"
511,109/03/20,"88,557,505","2,033,834,118",22.25,23.55,22.21,23.28,+1.43,"36,112"
512,109/03/23,"53,865,745","1,213,799,283",22.69,22.80,22.20,22.49,-0.79,"25,196"
513,109/03/24,"36,966,718","862,933,819",23.10,23.50,23.10,23.38,+0.89,"16,262"
514,109/03/25,"57,250,013","1,387,175,462",24.11,24.35,24.01,24.09,+0.71,"25,443"
515,109/03/26,"33,802,267","815,608,436",24.34,24.34,23.81,24.26,+0.17,"14,861"
516,109/03/27,"46,776,958","1,153,124,887",24.73,24.86,24.31,24.35,+0.09,"19,572"
517,109/03/30,"23,158,202","557,438,233",23.97,24.32,23.80,24.32,-0.03,"10,426"
518,109/04/01,"17,899,482","438,584,753",24.49,24.58,24.41,24.52,+0.03,"7,768"
519,109/04/06,"23,678,372","584,802,556",24.90,24.92,24.50,24.84,+0.32,"11,016"
520,109/04/07,"31,620,054","796,882,951",25.12,25.29,25.12,25.22,+0.38,"13,470"
521,109/04/08,"41,028,247","1,047,972,797",25.22,25.78,25.13,25.77,+0.55,"15,646"
522,109/04/09,"33,849,421","871,980,508",25.85,26.00,25.57,25.65,-0.12,"15,058"
523,109/04/10,"12,990,586","333,728,278",25.65,25.75,25.60,25.73,+0.08,"6,274"
524,109/04/13,"16,402,804","421,335,596",25.73,25.77,25.51,25.68,-0.05,"7,941"
525,109/04/14,"22,847,925","593,001,342",25.70,26.05,25.70,26.05,+0.37,"10,295"
526,109/04/15,"38,186,993","1,007,222,642",26.20,26.48,26.19,26.47,+0.42,"15,089"
527,109/04/16,"20,328,897","536,213,250",26.40,26.48,26.15,26.44,-0.03,"9,896"
528,109/04/17,"39,596,947","1,057,549,748",26.80,27.00,26.44,26.50,+0.06,"17,204"
529,109/04/20,"17,055,801","452,141,733",26.50,26.61,26.38,26.60,+0.10,"7,262"
530,109/04/21,"34,554,572","906,642,548",26.45,26.59,26.06,26.10,-0.50,"17,167"
531,109/04/22,"20,875,507","540,502,965",25.90,26.24,25.60,26.23,+0.13,"10,124"
532,109/04/23,"15,977,250","421,616,886",26.31,26.52,26.25,26.34,+0.11,"5,929"
533,109/04/24,"6,231,428","164,023,002",26.34,26.39,26.25,26.33,-0.01,"3,039"
534,109/04/27,"25,093,073","669,464,667",26.68,26.81,26.50,26.79,+0.46,"9,275"
535,109/04/28,"17,832,362","479,504,766",26.90,26.99,26.75,26.91,+0.12,"7,045"
536,109/04/29,"24,473,149","662,080,939",26.96,27.11,26.96,27.07,+0.16,"9,601"
537,109/05/04,"26,549,120","716,796,493",26.91,27.15,26.70,27.09,-0.37,"11,474"
538,109/05/05,"16,350,420","446,505,963",27.20,27.49,27.12,27.33,+0.24,"6,590"
539,109/05/06,"13,113,401","358,154,440",27.47,27.47,27.17,27.32,-0.01,"6,126"
540,109/05/07,"17,122,291","469,468,358",27.31,27.52,27.27,27.40,+0.08,"6,269"
541,109/05/08,"15,466,458","426,152,468",27.60,27.66,27.48,27.50,+0.10,"5,584"
542,109/05/11,"13,102,769","362,559,212",27.64,27.72,27.60,27.66,+0.16,"5,722"
543,109/05/12,"10,854,060","299,215,751",27.60,27.64,27.52,27.55,-0.11,"5,727"
544,109/05/13,"16,134,554","445,649,769",27.50,27.77,27.47,27.75,+0.20,"6,073"
545,109/05/14,"14,959,727","412,478,617",27.65,27.69,27.45,27.48,-0.27,"7,572"
546,109/05/15,"13,064,863","358,727,897",27.60,27.69,27.23,27.43,-0.05,"6,095"
547,109/05/18,"17,472,865","476,570,205",27.54,27.54,27.16,27.25,-0.18,"8,754"
548,109/05/19,"11,247,174","308,528,788",27.50,27.55,27.37,27.43,+0.18,"6,756"
549,109/05/20,"11,379,613","312,825,020",27.43,27.54,27.42,27.48,+0.05,"6,080"
550,109/05/21,"21,366,548","590,781,303",27.56,27.74,27.56,27.63,+0.15,"7,726"
551,109/05/22,"17,176,132","472,982,811",27.63,27.63,27.45,27.45,-0.18,"9,191"
552,109/05/25,"14,008,489","383,335,402",27.45,27.53,27.15,27.50,+0.05,"8,381"
553,109/05/26,"29,948,312","832,063,016",27.75,27.85,27.65,27.82,+0.32,"11,230"
554,109/05/27,"11,105,295","309,594,049",27.86,27.94,27.81,27.85,+0.03,"6,879"
555,109/05/28,"17,214,042","481,202,663",27.99,28.06,27.79,27.90,+0.05,"8,185"
556,109/06/01,"20,312,631","569,046,686",27.87,28.05,27.87,28.05,+0.19,"7,394"
557,109/06/02,"12,177,392","343,314,304",28.13,28.25,28.13,28.17,+0.12,"6,801"
558,109/06/03,"35,129,801","999,045,441",28.30,28.51,28.30,28.48,+0.31,"13,734"
559,109/06/04,"22,446,841","642,934,452",28.67,28.75,28.55,28.67,+0.19,"8,173"
560,109/06/05,"25,602,799","737,114,000",28.75,28.83,28.71,28.80,+0.13,"9,037"
561,109/06/08,"21,691,353","626,609,933",28.88,28.95,28.84,28.88,+0.08,"12,706"
562,109/06/09,"14,746,772","425,438,104",28.90,28.90,28.76,28.84,-0.04,"9,792"
563,109/06/10,"14,838,503","428,195,990",28.82,28.92,28.71,28.86,+0.02,"7,050"
564,109/06/11,"24,213,694","694,106,098",28.87,28.94,28.40,28.43,-0.43,"13,125"
565,109/06/12,"31,763,940","890,814,562",27.95,28.29,27.73,28.29,-0.14,"14,819"
566,109/06/15,"21,979,239","621,575,470",28.30,28.49,28.11,28.13,-0.16,"12,879"
567,109/06/16,"21,509,885","610,810,649",28.35,28.60,28.32,28.45,+0.32,"10,855"
568,109/06/17,"17,282,815","491,467,473",28.56,28.57,28.35,28.46,+0.01,"8,208"
569,109/06/18,"20,154,608","573,899,110",28.48,28.58,28.40,28.55,+0.09,"8,042"
570,109/06/19,"20,043,397","573,695,794",28.62,28.72,28.55,28.56,+0.01,"7,102"
571,109/06/22,"11,469,267","326,970,434",28.56,28.57,28.45,28.48,-0.08,"7,292"
572,109/06/23,"8,516,307","242,972,678",28.51,28.60,28.45,28.54,+0.06,"4,961"
573,109/06/24,"9,145,329","261,203,061",28.60,28.60,28.53,28.54, 0.00,"4,807"
574,109/06/29,"12,288,886","349,796,269",28.50,28.52,28.39,28.51,-0.03,"6,700"
575,109/07/01,"24,801,002","715,358,759",28.58,28.90,28.58,28.79,+0.23,"10,200"
576,109/07/02,"28,779,385","834,602,558",28.82,29.10,28.82,29.09,+0.30,"13,978"
577,109/07/03,"27,369,274","802,705,794",29.26,29.40,29.26,29.33,+0.24,"10,758"
578,109/07/06,"40,108,006","1,191,125,597",29.47,29.83,29.47,29.83,+0.50,"17,225"
579,109/07/07,"29,450,474","873,460,579",29.90,30.02,29.40,29.43,-0.40,"14,334"
580,109/07/08,"33,803,590","1,004,659,655",29.46,29.79,29.46,29.72,+0.29,"12,863"
581,109/07/09,"19,108,602","571,242,703",29.82,29.96,29.74,29.74,+0.02,"9,971"
582,109/07/10,"20,578,158","609,108,093",29.75,29.84,29.40,29.52,-0.22,"10,048"
583,109/07/13,"11,432,964","338,987,476",29.54,29.70,29.54,29.65,+0.13,"4,997"
584,109/07/14,"8,895,265","263,605,197",29.64,29.72,29.58,29.58,-0.07,"4,017"
585,109/07/15,"12,411,430","368,098,557",29.75,29.90,29.53,29.53,-0.05,"6,125"
586,109/07/16,"10,555,747","313,388,380",29.66,29.79,29.59,29.63,+0.10,"6,462"
587,109/07/17,"10,808,962","320,629,095",29.72,29.77,29.59,29.59,-0.04,"3,869"
588,109/07/20,"18,207,052","536,759,684",29.57,29.61,29.36,29.55,-0.04,"7,106"
589,109/07/21,"24,848,154","740,529,938",29.68,29.89,29.68,29.84,+0.29,"8,569"
590,109/07/22,"29,209,047","874,829,739",29.83,30.00,29.83,29.97,+0.13,"10,313"
591,109/07/23,"38,609,649","1,162,252,269",29.95,30.19,29.92,30.17,+0.20,"13,417"
592,109/07/24,"14,920,664","448,116,487",30.13,30.25,29.80,29.85,-0.32,"7,555"
593,109/07/27,"11,376,560","339,798,908",29.90,30.00,29.79,29.84,-0.01,"7,217"
594,109/07/28,"13,765,945","408,293,998",29.86,29.92,29.45,29.46,-0.38,"7,978"
595,109/07/29,"8,609,260","255,193,984",29.46,29.80,29.46,29.62,+0.16,"3,466"
596,109/07/30,"10,907,454","325,529,672",29.78,30.00,29.72,29.99,+0.37,"4,319"
597,109/08/03,"7,603,998","228,446,672",30.24,30.24,30.00,30.01,-0.23,"4,792"
598,109/08/04,"7,233,411","217,720,386",30.01,30.22,30.01,30.17,+0.16,"3,538"
599,109/08/05,"18,210,722","555,387,438",30.39,30.63,30.39,30.62,+0.45,"6,939"
600,109/08/06,"9,289,461","285,758,053",30.75,30.89,30.63,30.70,+0.08,"6,003"
601,109/08/07,"6,495,515","199,241,815",30.71,30.75,30.64,30.65,-0.05,"2,992"
602,109/08/10,"8,358,933","256,224,919",30.75,30.75,30.54,30.60,-0.05,"3,613"
603,109/08/11,"9,909,105","301,713,720",30.55,30.59,30.33,30.35,-0.25,"4,225"
604,109/08/12,"9,668,429","291,982,679",30.35,30.35,30.10,30.22,-0.13,"4,978"
605,109/08/13,"4,156,018","126,114,568",30.33,30.43,30.30,30.32,+0.10,"2,682"
606,109/08/14,"9,267,599","282,918,989",30.33,30.65,30.30,30.63,+0.31,"4,301"
607,109/08/17,"14,768,755","456,245,413",30.75,30.96,30.70,30.96,+0.33,"7,196"
608,109/08/18,"6,211,119","191,704,391",30.96,30.99,30.79,30.90,-0.06,"3,315"
609,109/08/19,"7,058,372","218,296,835",30.90,31.11,30.73,30.77,-0.13,"3,892"
610,109/08/20,"58,616,370","1,751,444,238",30.71,30.71,29.30,29.79,-0.98,"26,050"
611,109/08/21,"20,862,404","626,579,524",29.99,30.14,29.92,30.11,+0.32,"9,846"
612,109/08/24,"15,430,477","464,029,708",30.15,30.23,30.00,30.14,+0.03,"6,982"
613,109/08/25,"20,537,509","624,315,299",30.28,30.54,30.25,30.44,+0.30,"6,925"
614,109/08/26,"14,741,136","446,996,056",30.44,30.45,30.25,30.43,-0.01,"7,066"
615,109/08/27,"6,585,320","200,208,730",30.46,30.49,30.30,30.33,-0.10,"2,870"
616,109/08/28,"5,794,762","174,970,904",30.30,30.30,30.15,30.24,-0.09,"3,565"
617,109/09/01,"7,214,124","216,730,397",30.16,30.18,29.93,30.06,-0.10,"4,101"
618,109/09/02,"4,185,526","126,146,207",30.15,30.25,30.06,30.14,+0.08,"2,466"
619,109/09/03,"13,060,579","395,730,251",30.20,30.37,30.17,30.25,+0.11,"3,417"
620,109/09/04,"14,756,702","442,447,548",29.90,30.09,29.80,30.09,-0.16,"7,070"
621,109/09/07,"13,876,295","416,565,117",30.09,30.15,29.94,29.96,-0.13,"7,862"
622,109/09/08,"17,247,949","515,865,211",30.00,30.05,29.84,29.97,+0.01,"8,203"
623,109/09/09,"20,227,863","599,540,300",29.75,29.88,29.55,29.85,-0.12,"9,339"
624,109/09/10,"7,957,383","237,679,610",29.90,29.91,29.84,29.85, 0.00,"3,990"
625,109/09/11,"7,585,380","225,807,730",29.80,29.84,29.74,29.75,-0.10,"4,496"
626,109/09/14,"11,904,487","355,755,677",29.75,30.00,29.75,29.98,+0.23,"4,337"
627,109/09/15,"12,414,974","373,595,175",30.02,30.18,30.00,30.10,+0.12,"6,558"
628,109/09/16,"13,149,207","397,559,074",30.17,30.28,30.16,30.25,+0.15,"6,223"
629,109/09/17,"10,053,909","303,502,316",30.25,30.27,30.09,30.23,-0.02,"3,273"
630,109/09/18,"7,215,817","217,350,718",30.23,30.23,30.09,30.20,-0.03,"4,013"
631,109/09/21,"6,763,073","203,440,880",30.12,30.14,30.03,30.03,-0.17,"3,863"
632,109/09/22,"21,489,944","640,517,088",29.97,29.97,29.62,29.80,-0.23,"10,598"
633,109/09/23,"16,031,005","475,496,514",29.80,29.90,29.56,29.70,-0.10,"8,425"
634,109/09/24,"51,452,070","1,501,562,711",29.42,29.44,28.99,29.06,-0.64,"23,436"
635,109/09/25,"38,323,354","1,108,619,930",29.17,29.25,28.67,28.90,-0.16,"19,481"
636,109/09/28,"10,585,266","309,937,161",29.05,29.38,29.05,29.38,+0.48,"6,918"
637,109/09/29,"8,791,030","258,291,373",29.51,29.58,29.26,29.40,+0.02,"3,768"
638,109/10/05,"10,253,888","301,960,622",29.49,29.58,29.39,29.45,-0.03,"5,242"
639,109/10/06,"10,459,079","310,034,107",29.61,29.72,29.57,29.68,+0.23,"5,749"
640,109/10/07,"8,346,420","247,322,313",29.68,29.68,29.52,29.65,-0.03,"3,664"
641,109/10/08,"9,353,669","278,048,582",29.84,29.85,29.68,29.76,+0.11,"4,664"
642,109/10/12,"28,494,351","849,231,894",29.94,29.94,29.71,29.74,-0.02,"10,874"
643,109/10/13,"14,263,155","423,191,482",29.76,29.79,29.61,29.71,-0.03,"6,283"
644,109/10/14,"9,642,193","286,849,127",29.71,29.77,29.68,29.74,+0.03,"4,204"
645,109/10/15,"23,918,261","708,540,113",29.75,29.75,29.51,29.69,-0.05,"8,002"
646,109/10/16,"23,391,242","692,348,526",29.65,29.69,29.52,29.56,-0.13,"9,802"
647,109/10/19,"16,637,092","493,090,472",29.60,29.69,29.57,29.64,+0.08,"5,240"
648,109/10/20,"15,658,005","463,720,287",29.64,29.65,29.59,29.64, 0.00,"5,870"
649,109/10/21,"23,972,337","710,235,790",29.65,29.70,29.55,29.59,-0.05,"8,387"
650,109/10/22,"19,455,042","574,804,668",29.58,29.59,29.51,29.59, 0.00,"6,858"
651,109/10/23,"13,173,245","390,013,292",29.60,29.64,29.56,29.63,+0.04,"5,105"
652,109/10/26,"28,407,616","843,734,089",29.66,29.79,29.66,29.69,+0.06,"12,018"
653,109/10/27,"35,940,682","1,065,055,801",29.61,29.69,29.55,29.69, 0.00,"14,432"
654,109/10/28,"111,463,996","3,151,314,029",28.44,28.49,28.11,28.19,X0.00,"51,965"
655,109/10/29,"53,681,771","1,499,578,028",28.11,28.14,27.78,27.98,-0.21,"27,599"
656,109/11/02,"31,242,373","864,806,517",27.80,27.85,27.60,27.72,-0.08,"17,053"
657,109/11/03,"15,769,851","441,101,722",27.89,28.02,27.88,28.01,+0.29,"8,334"
658,109/11/04,"17,467,032","489,282,321",28.10,28.10,27.92,28.05,+0.04,"8,218"
659,109/11/05,"9,577,513","269,205,533",28.10,28.17,28.06,28.12,+0.07,"5,453"
660,109/11/06,"19,648,371","553,989,095",28.17,28.26,28.12,28.19,+0.07,"10,108"
661,109/11/09,"20,151,246","572,460,149",28.35,28.45,28.35,28.40,+0.21,"9,173"
662,109/11/10,"22,373,366","633,929,382",28.48,28.48,28.23,28.29,-0.11,"10,918"
663,109/11/11,"10,925,556","310,571,008",28.35,28.51,28.27,28.50,+0.21,"6,034"
664,109/11/12,"14,828,977","421,815,562",28.51,28.57,28.35,28.40,-0.10,"8,492"
665,109/11/13,"8,842,027","251,459,340",28.40,28.53,28.38,28.53,+0.13,"4,856"
666,109/11/16,"20,118,091","578,973,476",28.68,28.82,28.68,28.80,+0.27,"10,091"
667,109/11/17,"15,297,071","441,311,259",28.98,28.99,28.80,28.81,+0.01,"9,580"
668,109/11/18,"8,617,666","248,827,703",28.82,28.90,28.81,28.90,+0.09,"4,922"
669,109/11/19,"7,537,854","217,640,642",28.90,28.91,28.85,28.86,-0.04,"4,392"
670,109/11/20,"7,071,001","204,024,470",28.86,28.88,28.83,28.88,+0.02,"4,399"
671,109/11/23,"11,697,665","340,555,403",28.93,29.19,28.93,29.14,+0.26,"6,402"
672,109/11/24,"10,496,226","305,967,800",29.18,29.21,29.10,29.11,-0.03,"6,304"
673,109/11/25,"12,053,673","350,282,799",29.15,29.19,28.98,29.01,-0.10,"7,328"
674,109/11/26,"7,325,738","213,344,521",29.01,29.15,29.01,29.15,+0.14,"5,067"
675,109/11/27,"12,563,047","367,420,125",29.15,29.34,29.10,29.32,+0.17,"5,481"
676,109/12/01,"8,194,436","240,204,836",29.36,29.39,29.21,29.35, 0.00,"5,419"
677,109/12/02,"15,249,736","448,586,042",29.35,29.48,29.34,29.44,+0.09,"6,661"
678,109/12/03,"13,909,915","410,336,261",29.45,29.59,29.41,29.45,+0.01,"6,302"
679,109/12/04,"24,188,090","716,436,274",29.53,29.69,29.53,29.68,+0.23,"8,379"
680,109/12/07,"30,109,726","897,249,713",29.72,29.96,29.69,29.85,+0.17,"12,571"
681,109/12/08,"24,947,013","746,012,182",29.85,29.95,29.83,29.90,+0.05,"8,995"
682,109/12/09,"31,857,102","958,148,617",29.97,30.17,29.97,30.14,+0.24,"11,763"
683,109/12/10,"22,179,912","665,171,884",30.07,30.09,29.88,29.94,-0.20,"10,790"
684,109/12/11,"18,196,472","541,697,951",29.94,30.02,29.51,29.81,-0.13,"10,574"
685,109/12/14,"9,761,352","291,109,143",29.81,29.89,29.74,29.82,+0.01,"5,183"
686,109/12/15,"21,394,884","633,200,510",29.81,29.81,29.46,29.51,-0.31,"10,959"
687,109/12/16,"11,708,444","347,141,152",29.52,29.80,29.52,29.80,+0.29,"7,828"
688,109/12/17,"6,851,120","203,087,266",29.79,29.80,29.60,29.66,-0.14,"4,564"
689,109/12/18,"7,582,162","224,579,072",29.66,29.69,29.59,29.61,-0.05,"5,547"
690,109/12/21,"11,899,445","350,993,802",29.60,29.61,29.40,29.60,-0.01,"7,593"
691,109/12/22,"12,432,823","366,554,898",29.59,29.59,29.41,29.43,-0.17,"8,930"
692,109/12/23,"11,399,457","334,910,912",29.39,29.42,29.35,29.42,-0.01,"7,716"
693,109/12/24,"6,341,654","186,982,896",29.43,29.54,29.43,29.48,+0.06,"3,796"
694,109/12/25,"13,691,719","404,046,382",29.51,29.58,29.48,29.51,+0.03,"4,629"
695,109/12/28,"15,334,102","455,318,901",29.52,29.75,29.52,29.75,+0.24,"8,976"
696,109/12/29,"10,127,621","300,763,652",29.76,29.82,29.65,29.67,-0.08,"4,855"
697,109/12/30,"11,263,363","334,525,654",29.70,29.79,29.65,29.78,+0.11,"4,803"
698,110/01/04,"14,680,663","439,518,926",29.95,29.99,29.80,29.94,-0.01,"7,209"
699,110/01/05,"32,407,326","972,051,316",29.94,30.04,29.87,30.02,+0.08,"9,986"
700,110/01/06,"23,934,914","719,850,656",30.08,30.21,29.90,30.00,-0.02,"12,000"
701,110/01/07,"32,357,050","975,968,870",30.05,30.23,30.04,30.22,+0.22,"11,424"
702,110/01/08,"26,867,681","816,005,868",30.35,30.47,30.25,30.46,+0.24,"12,236"
703,110/01/11,"23,404,753","714,885,213",30.49,30.67,30.47,30.61,+0.15,"8,311"
704,110/01/12,"15,159,957","461,508,897",30.61,30.61,30.32,30.35,-0.26,"7,689"
705,110/01/13,"26,314,594","806,005,388",30.49,30.72,30.49,30.69,+0.34,"10,243"
706,110/01/14,"29,597,950","915,353,384",30.75,31.01,30.71,30.92,+0.23,"12,140"
707,110/01/15,"21,323,649","659,544,440",31.06,31.13,30.73,30.79,-0.13,"9,566"
708,110/01/18,"18,463,553","563,093,721",30.75,30.75,30.21,30.61,-0.18,"11,286"
709,110/01/19,"14,502,235","445,623,498",30.61,30.78,30.61,30.74,+0.13,"5,968"
710,110/01/20,"20,536,621","623,333,386",30.74,30.74,30.21,30.25,-0.49,"11,069"
711,110/01/21,"13,357,516","404,968,775",30.25,30.44,30.23,30.30,+0.05,"8,865"
712,110/01/22,"12,875,370","391,996,588",30.25,30.58,30.23,30.53,+0.23,"6,227"
713,110/01/25,"17,721,831","543,314,570",30.50,30.84,30.41,30.83,+0.30,"8,536"
714,110/01/26,"11,467,465","352,849,045",30.90,30.98,30.58,30.68,-0.15,"7,198"
715,110/01/27,"21,474,545","664,415,133",30.76,31.00,30.76,30.95,+0.27,"8,293"
716,110/01/28,"14,009,792","430,431,562",30.61,30.94,30.50,30.72,-0.23,"6,824"
717,110/02/01,"9,435,712","284,291,961",30.20,30.26,29.99,30.25,-0.01,"6,420"
718,110/02/02,"6,762,633","206,251,037",30.28,30.56,30.28,30.50,+0.25,"3,813"
719,110/02/03,"4,808,492","146,780,768",30.55,30.60,30.48,30.51,+0.01,"3,569"
720,110/02/04,"5,530,540","168,581,064",30.51,30.58,30.39,30.51, 0.00,"3,135"
721,110/02/05,"7,813,471","238,850,838",30.56,30.64,30.53,30.55,+0.04,"5,109"
722,110/02/17,"20,260,474","626,791,705",30.90,31.01,30.82,31.00,+0.45,"12,576"
723,110/02/18,"17,630,279","547,730,189",31.00,31.21,30.95,31.13,+0.13,"8,471"
724,110/02/19,"7,244,765","224,656,817",31.13,31.13,30.92,31.12,-0.01,"5,401"
725,110/02/22,"17,181,656","540,254,987",31.27,31.54,31.27,31.50,+0.38,"7,693"
726,110/02/23,"15,380,313","486,928,916",31.50,31.80,31.33,31.80,+0.30,"7,778"
727,110/02/24,"14,888,282","474,977,504",31.80,32.02,31.80,31.80, 0.00,"8,089"
728,110/02/25,"11,561,187","369,688,231",32.00,32.09,31.90,32.01,+0.21,"5,735"
729,110/03/02,"9,562,366","306,139,400",32.05,32.13,31.89,31.90, 0.00,"5,921"
730,110/03/03,"10,617,816","338,114,868",31.90,31.95,31.79,31.93,+0.03,"7,153"
731,110/03/04,"8,055,425","256,260,425",31.93,31.93,31.77,31.80,-0.13,"5,309"
732,110/03/05,"10,297,301","326,063,682",31.67,31.80,31.55,31.80, 0.00,"6,022"
733,110/03/08,"12,611,331","403,367,710",32.00,32.08,31.85,32.00,+0.20,"7,832"
734,110/03/09,"7,785,093","248,638,096",32.00,32.01,31.84,32.00, 0.00,"4,538"
735,110/03/10,"9,917,251","318,518,607",32.13,32.22,32.06,32.10,+0.10,"5,556"
736,110/03/11,"13,380,806","431,921,375",32.14,32.33,32.14,32.33,+0.23,"5,780"
737,110/03/12,"13,611,221","440,732,549",32.40,32.45,32.33,32.43,+0.10,"5,584"
738,110/03/15,"11,615,884","379,470,550",32.54,32.75,32.54,32.74,+0.31,"8,298"
739,110/03/16,"13,769,017","454,081,639",32.90,33.00,32.89,32.99,+0.25,"9,499"
740,110/03/17,"10,036,579","330,894,664",33.00,33.02,32.88,32.95,-0.04,"6,533"
741,110/03/18,"10,953,413","366,255,705",33.18,33.55,33.18,33.53,+0.58,"7,005"
742,110/03/19,"11,713,437","391,547,264",33.33,33.61,33.25,33.60,+0.07,"7,600"
743,110/03/22,"10,071,687","338,241,480",33.60,33.69,33.44,33.60, 0.00,"6,588"
744,110/03/23,"7,622,297","256,501,524",33.70,33.79,33.59,33.66,+0.06,"5,300"
745,110/03/24,"7,852,468","264,108,974",33.66,33.75,33.55,33.65,-0.01,"6,162"
746,110/03/25,"9,252,867","310,443,167",33.65,33.66,33.40,33.66,+0.01,"7,544"
747,110/03/26,"11,964,451","404,031,554",33.80,33.80,33.72,33.80,+0.14,"7,178"
748,110/03/29,"9,515,821","325,235,924",33.92,34.35,33.92,34.34,+0.54,"6,680"
749,110/03/30,"6,756,100","232,623,657",34.36,34.60,34.32,34.60,+0.26,"5,649"
750,110/04/01,"9,299,056","321,960,610",34.65,34.78,34.54,34.61,-0.02,"6,722"
751,110/04/06,"11,917,950","414,685,314",34.98,34.98,34.70,34.74,+0.13,"9,913"
752,110/04/07,"6,188,680","214,833,701",34.74,34.75,34.67,34.71,-0.03,"5,847"
753,110/04/08,"7,512,545","260,789,262",34.72,34.75,34.67,34.75,+0.04,"4,842"
754,110/04/09,"7,735,811","268,307,069",34.75,34.76,34.64,34.70,-0.05,"6,631"
755,110/04/12,"5,431,455","188,474,981",34.70,34.75,34.67,34.69,-0.01,"5,141"
756,110/04/13,"15,257,286","528,313,007",34.69,34.73,34.45,34.47,-0.22,"9,423"
757,110/04/14,"18,567,567","635,881,497",34.47,34.48,33.92,34.35,-0.12,"12,569"
758,110/04/15,"6,292,180","216,835,627",34.35,34.53,34.32,34.50,+0.15,"4,799"
759,110/04/16,"24,287,652","846,083,694",34.84,34.94,34.61,34.94,+0.44,"8,810"
760,110/04/19,"13,976,139","491,102,927",34.99,35.20,34.99,35.20,+0.26,"7,159"
761,110/04/20,"11,210,838","396,342,954",35.25,35.41,35.25,35.33,+0.13,"6,223"
762,110/04/21,"8,257,351","292,297,195",35.33,35.53,35.25,35.53,+0.20,"5,846"
763,110/04/22,"11,787,539","419,786,536",35.60,35.85,35.25,35.40,-0.13,"8,653"
764,110/04/23,"13,539,590","476,620,695",35.38,35.38,35.10,35.30,-0.10,"7,861"
765,110/04/26,"9,877,318","353,807,894",35.58,35.99,35.58,35.99,+0.69,"8,002"
766,110/04/27,"5,613,853","201,816,196",35.99,35.99,35.86,35.98,-0.01,"5,174"
767,110/04/28,"5,318,577","191,092,171",35.98,35.99,35.86,35.98, 0.00,"5,215"
768,110/05/03,"15,937,856","573,999,994",36.12,36.17,35.90,35.91,-0.21,"10,465"
769,110/05/04,"43,613,672","1,537,291,115",35.91,35.99,34.66,35.30,-0.61,"20,368"
770,110/05/05,"35,620,486","1,265,728,656",35.24,35.74,35.02,35.35,+0.05,"17,482"
771,110/05/06,"19,198,886","677,801,140",35.41,35.60,34.96,35.30,-0.05,"10,736"
772,110/05/07,"8,075,154","287,535,675",35.35,35.74,35.35,35.72,+0.42,"4,614"
773,110/05/10,"6,277,912","224,982,928",35.87,35.90,35.76,35.88,+0.16,"5,032"
774,110/05/11,"49,340,348","1,728,021,398",35.72,35.72,34.45,34.70,-1.18,"29,555"
775,110/05/12,"88,410,957","2,956,154,172",34.26,34.43,32.07,33.50,-1.20,"43,182"
776,110/05/13,"52,099,430","1,734,044,240",32.95,33.86,32.33,33.40,-0.10,"33,084"
777,110/05/14,"25,656,196","865,134,483",33.50,34.02,33.45,33.65,+0.25,"13,254"
778,110/05/17,"73,622,584","2,408,801,085",32.18,33.30,32.18,32.75,-0.90,"48,222"
779,110/05/18,"22,687,429","761,271,614",33.01,34.01,32.96,34.01,+1.26,"10,853"
780,110/05/19,"14,347,448","487,463,873",33.98,34.18,33.71,34.10,+0.09,"7,601"
781,110/05/20,"12,325,646","417,416,029",34.00,34.10,33.66,33.86,-0.24,"7,826"
782,110/05/21,"12,327,045","419,278,916",34.20,34.40,33.78,34.00,+0.14,"6,287"
783,110/05/24,"19,631,541","666,418,278",33.84,34.10,33.65,34.05,+0.05,"14,745"
784,110/05/25,"9,957,924","341,288,763",34.28,34.34,34.15,34.34,+0.29,"5,603"
785,110/05/26,"8,542,300","293,022,734",34.40,34.42,34.22,34.32,-0.02,"6,851"
786,110/05/27,"8,615,907","293,855,702",34.24,34.29,33.94,34.28,-0.04,"5,308"
787,110/05/28,"8,746,363","301,477,893",34.50,34.55,34.32,34.55,+0.27,"4,620"
788,110/06/01,"16,294,396","568,682,961",34.82,35.06,34.74,35.06,+0.31,"7,617"
789,110/06/02,"7,356,960","257,572,949",35.06,35.23,34.86,34.96,-0.10,"5,913"
790,110/06/03,"5,748,869","200,983,296",35.10,35.13,34.90,34.95,-0.01,"4,410"
791,110/06/04,"7,009,671","243,717,772",34.80,34.87,34.72,34.77,-0.18,"6,071"
792,110/06/07,"13,536,435","467,726,843",34.77,34.79,34.19,34.72,-0.05,"11,002"
793,110/06/08,"6,533,264","226,356,049",34.77,34.78,34.56,34.65,-0.07,"5,468"
794,110/06/09,"8,043,082","277,129,506",34.61,34.61,34.37,34.45,-0.20,"7,586"
795,110/06/10,"7,629,980","263,227,588",34.45,34.63,34.40,34.60,+0.15,"4,953"
796,110/06/11,"7,302,156","252,606,234",34.60,34.66,34.54,34.55,-0.05,"4,644"
797,110/06/15,"5,219,504","180,611,353",34.59,34.74,34.53,34.65,+0.10,"5,037"
798,110/06/16,"8,364,699","290,306,704",34.62,34.78,34.58,34.78,+0.13,"7,119"
799,110/06/17,"4,712,941","163,699,530",34.67,34.90,34.57,34.90,+0.12,"3,673"
800,110/06/18,"4,544,274","158,797,759",35.00,35.00,34.89,34.91,+0.01,"3,564"
801,110/06/21,"13,835,491","478,819,608",34.85,34.85,34.50,34.55,-0.36,"11,098"
802,110/06/22,"10,587,582","365,426,956",34.70,34.77,34.41,34.43,-0.12,"7,500"
803,110/06/23,"10,314,750","355,121,230",34.50,34.53,34.34,34.45,+0.02,"7,682"
804,110/06/24,"3,556,442","123,097,866",34.45,34.70,34.45,34.66,+0.21,"3,084"
805,110/06/25,"6,776,565","236,029,448",34.78,34.94,34.74,34.74,+0.08,"4,991"
806,110/06/28,"10,825,640","378,954,928",34.80,35.10,34.80,35.10,+0.36,"8,019"
807,110/06/29,"14,013,485","487,800,063",35.14,35.15,34.62,34.80,-0.30,"9,542"
808,110/07/01,"38,129,526","1,334,748,211",35.16,35.35,34.84,35.00, 0.00,"30,943"
809,110/07/02,"10,721,415","376,645,687",35.08,35.28,35.04,35.20,+0.20,"4,701"
810,110/07/05,"12,613,943","448,535,291",35.54,35.69,35.38,35.69,+0.49,"8,612"
811,110/07/06,"12,132,510","435,965,088",35.85,36.05,35.80,35.91,+0.22,"9,100"
812,110/07/07,"11,398,642","406,978,024",35.83,35.86,35.51,35.61,-0.30,"8,733"
813,110/07/08,"14,766,850","526,802,814",35.83,35.88,35.49,35.80,+0.19,"7,290"
814,110/07/09,"14,915,032","528,586,634",35.77,35.77,35.30,35.44,-0.36,"12,259"
815,110/07/12,"18,624,613","657,043,574",35.65,35.67,35.05,35.27,-0.17,"15,419"
816,110/07/13,"29,235,742","1,023,573,325",35.33,35.45,34.80,34.85,-0.42,"23,144"
817,110/07/14,"28,313,869","977,376,128",34.89,34.90,34.35,34.48,-0.37,"21,001"
818,110/07/15,"11,662,097","405,256,044",34.53,35.00,34.53,34.98,+0.50,"8,098"
819,110/07/16,"11,701,272","409,685,129",34.96,35.15,34.81,35.12,+0.14,"8,404"
820,110/07/19,"5,265,744","184,636,911",35.12,35.15,34.99,35.14,+0.02,"4,619"
821,110/07/20,"23,553,277","816,894,281",34.95,34.96,34.50,34.56,-0.58,"18,775"
822,110/07/21,"49,284,279","1,683,187,814",34.76,34.87,33.93,34.13,-0.43,"38,695"
823,110/07/22,"17,122,392","585,683,274",34.20,34.46,34.07,34.21,+0.08,"12,013"
824,110/07/23,"7,068,247","242,942,139",34.50,34.50,34.25,34.47,+0.26,"5,257"
825,110/07/26,"11,019,752","380,654,782",34.51,34.67,34.40,34.50,+0.03,"8,369"
826,110/07/27,"22,963,415","783,567,508",34.50,34.52,33.99,34.07,-0.43,"16,894"
827,110/07/28,"43,354,939","1,456,787,076",34.07,34.07,33.25,33.89,-0.18,"36,478"
828,110/07/29,"19,638,314","666,728,125",34.06,34.20,33.86,34.10,+0.21,"17,180"
829,110/08/02,"19,027,608","642,746,927",34.03,34.03,33.63,34.00,+0.10,"16,356"
830,110/08/03,"6,509,353","221,721,779",34.01,34.16,33.98,34.15,+0.15,"4,909"
831,110/08/04,"5,507,529","188,708,774",34.18,34.35,34.17,34.35,+0.20,"4,303"
832,110/08/05,"7,141,944","244,353,893",34.40,34.40,34.14,34.20,-0.15,"7,446"
833,110/08/06,"9,393,314","321,037,697",34.20,34.25,34.02,34.25,+0.05,"7,687"
834,110/08/09,"12,330,056","419,748,167",34.22,34.22,33.88,34.10,-0.15,"7,684"
835,110/08/10,"29,648,031","1,002,767,511",34.10,34.18,33.71,33.79,-0.31,"21,855"
836,110/08/11,"35,589,485","1,191,140,381",33.72,33.79,33.24,33.49,-0.30,"29,014"
837,110/08/12,"11,302,339","377,708,778",33.52,33.52,33.33,33.51,+0.02,"10,124"
838,110/08/13,"25,144,420","837,215,156",33.56,33.58,33.20,33.27,-0.24,"21,052"
839,110/08/16,"52,400,299","1,724,117,179",33.28,33.28,32.74,32.86,-0.41,"36,634"
840,110/08/17,"32,411,406","1,059,824,958",32.90,33.08,32.48,32.53,-0.33,"25,866"
841,110/08/18,"26,797,263","871,484,649",32.38,33.07,32.13,33.07,+0.54,"18,030"
842,110/08/19,"45,729,062","1,486,659,056",32.88,32.88,32.29,32.32,-0.75,"32,886"
843,110/08/20,"25,525,603","821,956,858",32.40,32.49,32.00,32.26,-0.06,"18,984"
844,110/08/23,"16,614,441","544,894,752",32.52,32.90,32.52,32.88,+0.62,"9,799"
845,110/08/24,"20,751,854","680,143,449",33.01,33.08,32.66,32.80,-0.08,"12,624"
846,110/08/25,"10,262,757","337,879,491",32.95,33.00,32.80,33.00,+0.20,"6,862"
847,110/08/26,"17,740,828","583,530,862",33.10,33.12,32.78,32.99,-0.01,"11,688"
848,110/08/27,"8,882,675","293,565,065",32.96,33.12,32.83,33.11,+0.12,"5,071"
849,110/08/30,"8,667,157","287,861,675",33.22,33.29,33.15,33.29,+0.18,"5,520"
850,110/09/01,"11,103,015","370,432,622",33.35,33.41,33.20,33.39,+0.01,"5,510"
851,110/09/02,"11,372,589","378,138,917",33.39,33.41,33.09,33.16,-0.23,"8,139"
852,110/09/03,"7,209,986","239,714,015",33.25,33.33,33.17,33.24,+0.08,"5,468"
853,110/09/06,"19,065,194","632,497,531",33.25,33.33,33.01,33.07,-0.17,"13,991"
854,110/09/07,"8,905,124","294,838,123",33.07,33.19,33.04,33.16,+0.09,"5,462"
855,110/09/08,"29,968,362","985,499,081",33.24,33.24,32.73,32.80,-0.36,"20,053"
856,110/09/09,"7,071,231","232,146,893",32.75,32.96,32.63,32.94,+0.14,"4,974"
857,110/09/10,"7,127,193","235,902,399",33.00,33.22,32.94,33.22,+0.28,"4,808"
858,110/09/13,"12,555,069","419,599,778",33.23,33.52,33.23,33.41,+0.19,"7,715"
859,110/09/14,"9,187,609","307,085,750",33.57,33.59,33.31,33.36,-0.05,"5,984"
860,110/09/15,"9,045,007","300,943,372",33.36,33.36,33.11,33.33,-0.03,"6,368"
861,110/09/16,"12,703,605","422,632,526",33.34,33.43,33.19,33.28,-0.05,"9,139"
862,110/09/17,"7,427,343","247,750,759",33.28,33.46,33.24,33.42,+0.14,"4,753"
863,110/09/22,"42,323,235","1,389,051,312",32.90,33.01,32.68,32.90,-0.52,"28,611"
864,110/09/23,"11,988,044","396,717,062",33.03,33.17,33.03,33.08,+0.18,"6,175"
865,110/09/24,"11,145,863","371,416,759",33.26,33.39,33.22,33.30,+0.22,"5,392"
866,110/09/27,"15,610,226","519,680,960",33.33,33.39,33.21,33.30, 0.00,"9,569"
867,110/09/28,"16,510,239","545,427,636",33.08,33.17,32.88,33.08,-0.22,"9,351"
868,110/09/29,"47,279,038","1,544,739,700",32.70,32.82,32.59,32.70,-0.38,"29,711"
869,110/10/01,"80,476,958","2,598,982,479",32.58,32.60,32.10,32.26,-0.51,"54,125"
870,110/10/04,"60,626,133","1,937,966,673",32.38,32.40,31.81,31.84,-0.42,"43,054"
871,110/10/05,"37,288,065","1,181,950,044",31.60,31.96,31.42,31.96,+0.12,"24,204"
872,110/10/06,"41,521,061","1,322,030,660",32.07,32.08,31.71,31.88,-0.08,"26,965"
873,110/10/07,"69,438,110","2,255,885,744",32.47,32.69,32.10,32.57,+0.69,"26,862"
874,110/10/08,"34,877,963","1,136,820,424",32.61,32.70,32.48,32.59,+0.02,"15,892"
875,110/10/12,"59,424,394","1,919,528,896",32.60,32.60,32.20,32.24,-0.35,"31,912"
876,110/10/13,"44,907,866","1,444,956,017",32.42,32.47,32.06,32.17,-0.07,"23,399"
877,110/10/14,"34,993,285","1,123,652,974",32.29,32.33,32.00,32.18,+0.01,"18,202"
878,110/10/15,"25,709,014","830,341,581",32.33,32.35,32.25,32.31,+0.13,"11,874"
879,110/10/18,"51,205,215","1,656,202,834",32.45,32.46,32.25,32.36,+0.05,"21,714"
880,110/10/19,"37,440,562","1,211,879,802",32.45,32.46,32.28,32.40,+0.04,"16,090"
881,110/10/20,"69,718,108","2,257,640,014",32.47,32.49,32.30,32.37,-0.03,"26,500"
882,110/10/21,"99,076,318","3,205,396,192",32.38,32.43,32.29,32.40,+0.03,"36,680"
883,110/10/22,"148,804,731","4,568,300,306",30.71,30.87,30.59,30.84,X0.00,"75,623"
884,110/10/25,"53,827,225","1,656,573,288",30.83,30.88,30.68,30.86,+0.02,"31,386"
885,110/10/26,"34,796,302","1,078,773,275",30.92,31.09,30.88,31.05,+0.19,"19,486"
886,110/10/27,"24,585,636","764,463,597",31.05,31.16,30.97,31.15,+0.10,"12,278"
887,110/10/28,"23,559,049","738,679,953",31.20,31.42,31.18,31.39,+0.24,"13,285"
888,110/11/01,"21,338,625","673,437,956",31.54,31.65,31.49,31.56,+0.11,"10,231"
889,110/11/02,"25,280,289","799,133,741",31.66,31.77,31.48,31.53,-0.03,"15,992"
890,110/11/03,"14,294,336","453,304,212",31.55,31.77,31.55,31.77,+0.24,"8,302"
891,110/11/04,"14,666,568","468,192,066",31.89,31.99,31.85,31.86,+0.09,"9,298"
892,110/11/05,"16,911,957","538,747,208",31.90,31.95,31.71,31.95,+0.09,"10,474"
893,110/11/08,"38,329,143","1,236,296,533",32.05,32.40,32.01,32.39,+0.44,"16,964"
894,110/11/09,"33,391,170","1,081,537,235",32.47,32.50,32.30,32.35,-0.04,"13,479"
895,110/11/10,"35,965,792","1,166,543,860",32.41,32.52,32.34,32.34,-0.01,"11,231"
896,110/11/11,"22,875,963","737,864,191",32.30,32.40,32.14,32.15,-0.19,"13,433"
897,110/11/12,"21,019,709","675,874,484",32.19,32.25,32.10,32.20,+0.05,"9,538"
898,110/11/15,"26,955,772","874,275,550",32.40,32.51,32.36,32.43,+0.23,"10,592"
899,110/11/16,"30,860,830","1,002,994,702",32.45,32.60,32.43,32.59,+0.16,"12,970"
900,110/11/17,"20,190,199","659,224,181",32.64,32.71,32.59,32.71,+0.12,"8,823"
901,110/11/18,"46,147,802","1,521,928,165",32.85,33.06,32.84,32.98,+0.27,"14,215"
902,110/11/19,"21,477,592","709,572,362",33.14,33.18,32.88,32.93,-0.05,"10,044"
903,110/11/22,"14,458,491","476,575,063",33.00,33.05,32.90,32.93, 0.00,"7,425"
904,110/11/23,"16,739,347","546,803,803",32.91,32.92,32.60,32.63,-0.30,"12,957"
905,110/11/24,"11,411,990","371,838,023",32.62,32.73,32.50,32.61,-0.02,"8,872"
906,110/11/25,"7,528,466","245,909,192",32.69,32.72,32.62,32.65,+0.04,"5,307"
907,110/11/26,"24,101,251","781,758,690",32.64,32.65,32.35,32.35,-0.30,"19,581"
908,110/11/29,"26,531,658","852,217,435",32.00,32.33,31.96,32.22,-0.13,"17,745"
909,110/12/01,"8,905,367","288,495,336",32.28,32.54,32.16,32.50,+0.20,"5,276"
910,110/12/02,"8,573,577","278,437,056",32.50,32.53,32.38,32.47,-0.03,"5,811"
911,110/12/03,"12,025,258","392,852,579",32.61,32.72,32.60,32.65,+0.18,"6,469"
912,110/12/06,"15,625,454","511,826,927",32.74,32.86,32.53,32.86,+0.21,"11,767"
913,110/12/07,"21,687,219","714,805,129",32.95,33.03,32.82,33.03,+0.17,"9,016"
914,110/12/08,"24,324,219","808,563,825",33.25,33.31,33.15,33.18,+0.15,"10,480"
915,110/12/09,"21,978,596","732,753,597",33.31,33.41,33.18,33.32,+0.14,"9,109"
916,110/12/10,"15,779,599","526,023,331",33.32,33.41,33.18,33.30,-0.02,"7,992"
917,110/12/13,"10,997,498","367,207,893",33.32,33.45,33.32,33.33,+0.03,"6,992"
918,110/12/14,"22,553,872","744,732,094",33.31,33.31,32.95,32.95,-0.38,"16,549"
919,110/12/15,"8,416,324","277,540,560",32.95,33.10,32.85,33.04,+0.09,"6,320"
920,110/12/16,"32,040,086","1,069,629,640",33.29,33.45,33.29,33.45,+0.41,"15,645"
921,110/12/17,"21,971,694","734,500,278",33.40,33.47,33.30,33.43,-0.02,"15,915"
922,110/12/20,"20,227,874","675,129,579",33.45,33.45,33.32,33.41,-0.02,"16,971"
923,110/12/21,"9,723,085","323,922,099",33.35,33.38,33.20,33.36,-0.05,"5,630"
924,110/12/22,"8,543,897","284,662,231",33.38,33.40,33.28,33.30,-0.06,"6,723"
925,110/12/23,"6,095,515","203,368,934",33.36,33.40,33.34,33.34,+0.04,"4,234"
926,110/12/24,"9,653,717","322,115,655",33.41,33.46,33.29,33.29,-0.05,"5,716"
927,110/12/27,"11,201,779","373,828,557",33.30,33.40,33.30,33.38,+0.09,"8,678"
928,110/12/28,"18,055,025","605,455,289",33.46,33.60,33.45,33.56,+0.18,"9,518"
929,110/12/29,"11,094,305","372,649,062",33.56,33.64,33.56,33.61,+0.05,"5,688"
